"id","name","description","iconId","url","establishDate"
"0","Flint of Flint's Finger","Est repellat temporibus sequi est eveniet et aut similique consequuntur.","https://s3.amazonaws.com/uifaces/faces/twitter/teeragit/128.jpg","www.jacklyn-treutel.co","-2112196821935"
"1","Bolling","Excepturi ab officiis sint et est aut ea omnis tenetur fugiat nihil quos.","https://s3.amazonaws.com/uifaces/faces/twitter/laurengray/128.jpg","www.emanuel-bauch.net","-2101529345903"
"2","Graceford of Holyhall","Quo non nesciunt sit enim et sunt ad itaque repellendus illo quos ipsum dicta.","https://s3.amazonaws.com/uifaces/faces/twitter/ryhanhassan/128.jpg","www.ole-greenholt.net","-2067763951979"
"3","Ferren","Qui qui ducimus odio quo est incidunt dolore quae mollitia.","https://s3.amazonaws.com/uifaces/faces/twitter/markjenkins/128.jpg","www.frederick-miller.org","-2131982275053"
"4","Breakstone","Aut quis corrupti praesentium quae sunt veritatis quia ullam qui sit accusantium.","https://s3.amazonaws.com/uifaces/faces/twitter/calebogden/128.jpg","www.hans-vandervort.biz","-2159636258949"
"5","Blackwood of Raventree Hall","Excepturi reprehenderit tenetur velit et asperiores doloremque modi tenetur ullam asperiores.","https://s3.amazonaws.com/uifaces/faces/twitter/vanchesz/128.jpg","www.micah-gibson.org","-2101189511797"
"6","Frey of Riverrun","Sunt est esse tempora in qui laborum consequuntur aut omnis et nobis ex.","https://s3.amazonaws.com/uifaces/faces/twitter/scottkclark/128.jpg","www.regan-dooley.biz","-2126640437716"
"7","Holt","Voluptatum officiis quisquam et et sit laboriosam occaecati quibusdam tenetur non esse error vel.","https://s3.amazonaws.com/uifaces/faces/twitter/ninjad3m0/128.jpg","www.kristoffer-lynch.com","-2162357714360"
"8","Farwynd of the Lonely Light","Possimus sint dolores magnam qui omnis cupiditate dolore error quia enim rem asperiores ut.","https://s3.amazonaws.com/uifaces/faces/twitter/adityasutomo/128.jpg","www.schuyler-carter.info","-2060724243190"
"9","Heddle","Ipsum non laboriosam sapiente animi voluptatem et cum labore quis provident.","https://s3.amazonaws.com/uifaces/faces/twitter/unterdreht/128.jpg","www.lucy-gutmann.com","-2101640132469"
"10","Cave","Necessitatibus deleniti veniam voluptas error quibusdam autem fugiat cupiditate unde commodi deserunt soluta.","https://s3.amazonaws.com/uifaces/faces/twitter/xravil/128.jpg","www.rogers-hammes.org","-2077002313302"
"11","Frey of the Crossing","Officia et modi doloribus illum tempora et veritatis quis rerum.","https://s3.amazonaws.com/uifaces/faces/twitter/larrybolt/128.jpg","www.jayne-cormier.net","-2200183124733"
"12","Flint of Widow's Watch","Delectus corporis alias qui ipsam dolor quod iusto omnis molestiae.","https://s3.amazonaws.com/uifaces/faces/twitter/kaysix_dizzy/128.jpg","www.brendan-mcclure.net","-2059185803101"
"13","Footly of Tumbleton","Ut modi eveniet ut dicta illum omnis magnam sed quae accusamus ipsa.","https://s3.amazonaws.com/uifaces/faces/twitter/smalonso/128.jpg","www.reid-dibbert.io","-2208075327205"
"14","Forrester","Deserunt voluptate enim qui et placeat molestiae aut a corporis deserunt voluptas quia dolores.","https://s3.amazonaws.com/uifaces/faces/twitter/vanchesz/128.jpg","www.valentine-corkery.info","-2154378270177"
