"id","entityA.id","entityA.type","entityB.id","entityB.type","startDate"
"0_0","0","DRAGON","0","Kingdom","-373907291568"
"1_0","1","DRAGON","0","Kingdom","897077439475"
"2_0","2","DRAGON","0","Kingdom","-25681039151"
"3_0","3","DRAGON","0","Kingdom","-737546839404"
"4_0","4","DRAGON","0","Kingdom","-607882811213"
"5_0","5","DRAGON","0","Kingdom","-1864419502871"
"6_0","6","DRAGON","0","Kingdom","-1684435693472"
"7_0","7","DRAGON","0","Kingdom","-515412615285"
"8_0","8","DRAGON","0","Kingdom","-1847321848277"
"9_0","9","DRAGON","0","Kingdom","-584636033635"
"10_0","10","DRAGON","0","Kingdom","571115923261"
"11_0","11","DRAGON","0","Kingdom","-1398872118529"
"12_0","12","DRAGON","0","Kingdom","696199215967"
"13_0","13","DRAGON","0","Kingdom","325381839439"
"14_0","14","DRAGON","0","Kingdom","-500054089418"
"15_0","15","DRAGON","0","Kingdom","630783950072"
"16_0","16","DRAGON","0","Kingdom","-813947017994"
"17_0","17","DRAGON","0","Kingdom","-957719854772"
"18_0","18","DRAGON","0","Kingdom","-389504480744"
"19_0","19","DRAGON","0","Kingdom","-2155468264567"
"20_0","20","DRAGON","0","Kingdom","-247919208855"
"21_0","21","DRAGON","0","Kingdom","-1549035540335"
"22_0","22","DRAGON","0","Kingdom","-842031125350"
"23_0","23","DRAGON","0","Kingdom","825237760451"
"24_0","24","DRAGON","0","Kingdom","477979849240"
"25_0","25","DRAGON","0","Kingdom","89667694310"
"26_0","26","DRAGON","0","Kingdom","237147418891"
"27_0","27","DRAGON","0","Kingdom","763942920677"
"28_0","28","DRAGON","0","Kingdom","442473785558"
"29_0","29","DRAGON","0","Kingdom","-17729132821"
"30_0","30","DRAGON","0","Kingdom","-405659092"
"31_0","31","DRAGON","0","Kingdom","-1956597921587"
"32_0","32","DRAGON","0","Kingdom","-272013514202"
"33_0","33","DRAGON","0","Kingdom","-1495852368533"
"34_0","34","DRAGON","0","Kingdom","-800756991098"
"35_0","35","DRAGON","0","Kingdom","576373367130"
"36_0","36","DRAGON","0","Kingdom","-836870164332"
"37_0","37","DRAGON","0","Kingdom","-615374154861"
"38_0","38","DRAGON","0","Kingdom","-193690109233"
"39_0","39","DRAGON","0","Kingdom","-43296599336"
"40_0","40","DRAGON","0","Kingdom","-1339794418187"
"41_0","41","DRAGON","0","Kingdom","-1150703430040"
"42_0","42","DRAGON","0","Kingdom","-782498446711"
"43_0","43","DRAGON","0","Kingdom","684208168637"
"44_0","44","DRAGON","0","Kingdom","-686546252097"
"45_0","45","DRAGON","0","Kingdom","-1574262048171"
"46_0","46","DRAGON","0","Kingdom","305643358621"
"47_0","47","DRAGON","0","Kingdom","911228911326"
"48_0","48","DRAGON","0","Kingdom","-1084098786738"
"49_0","49","DRAGON","0","Kingdom","-1052578015239"
"50_0","50","DRAGON","0","Kingdom","-1399965121331"
"51_0","51","DRAGON","0","Kingdom","760923553102"
"52_0","52","DRAGON","0","Kingdom","-1604374071709"
"53_0","53","DRAGON","0","Kingdom","309436420393"
"54_0","54","DRAGON","0","Kingdom","37064548389"
"55_0","55","DRAGON","0","Kingdom","-510363621446"
"56_0","56","DRAGON","0","Kingdom","-695711809493"
"57_0","57","DRAGON","0","Kingdom","-1125790811936"
"58_0","58","DRAGON","0","Kingdom","-759846216969"
"59_0","59","DRAGON","0","Kingdom","-115783279268"
"60_0","60","DRAGON","0","Kingdom","-1981423683508"
"61_0","61","DRAGON","0","Kingdom","-898711170755"
"62_0","62","DRAGON","0","Kingdom","-76274906622"
"63_0","63","DRAGON","0","Kingdom","-1189724524750"
"64_0","64","DRAGON","0","Kingdom","911118589337"
"65_1","65","DRAGON","1","Kingdom","-641252537311"
"66_1","66","DRAGON","1","Kingdom","-438521516949"
"67_1","67","DRAGON","1","Kingdom","822209364866"
"68_1","68","DRAGON","1","Kingdom","-240899159547"
"69_1","69","DRAGON","1","Kingdom","-1550420196510"
"70_1","70","DRAGON","1","Kingdom","-2079167792161"
"71_1","71","DRAGON","1","Kingdom","-2071873344990"
"72_1","72","DRAGON","1","Kingdom","-615346299300"
"73_1","73","DRAGON","1","Kingdom","-1433195550035"
"74_1","74","DRAGON","1","Kingdom","-310693441637"
"75_1","75","DRAGON","1","Kingdom","-1480724155989"
"76_1","76","DRAGON","1","Kingdom","-1434346756498"
"77_1","77","DRAGON","1","Kingdom","731892852463"
"78_1","78","DRAGON","1","Kingdom","-2196022742261"
"79_1","79","DRAGON","1","Kingdom","-158428847998"
"80_1","80","DRAGON","1","Kingdom","-1596567901302"
"81_1","81","DRAGON","1","Kingdom","-1870795950054"
"82_1","82","DRAGON","1","Kingdom","655069409142"
"83_1","83","DRAGON","1","Kingdom","-2148769293007"
"84_1","84","DRAGON","1","Kingdom","484896689763"
"85_1","85","DRAGON","1","Kingdom","259235852668"
"86_1","86","DRAGON","1","Kingdom","-2092409779509"
"87_1","87","DRAGON","1","Kingdom","109794020702"
"88_1","88","DRAGON","1","Kingdom","-406108043181"
"89_1","89","DRAGON","1","Kingdom","-298419825600"
"90_1","90","DRAGON","1","Kingdom","121586408782"
"91_1","91","DRAGON","1","Kingdom","344950153989"
"92_1","92","DRAGON","1","Kingdom","-421483134908"
"93_1","93","DRAGON","1","Kingdom","-1867485626115"
"94_1","94","DRAGON","1","Kingdom","-202253319959"
"95_1","95","DRAGON","1","Kingdom","78788871308"
"96_1","96","DRAGON","1","Kingdom","-1575556871384"
"97_1","97","DRAGON","1","Kingdom","-2091065551738"
"98_1","98","DRAGON","1","Kingdom","274906626677"
"99_1","99","DRAGON","1","Kingdom","-1489543167890"
"100_1","100","DRAGON","1","Kingdom","-1316037210109"
"101_1","101","DRAGON","1","Kingdom","137193753287"
"102_1","102","DRAGON","1","Kingdom","-1985290101886"
"103_1","103","DRAGON","1","Kingdom","-1041244979119"
"104_1","104","DRAGON","1","Kingdom","922113596796"
"105_1","105","DRAGON","1","Kingdom","-1744689999837"
"106_1","106","DRAGON","1","Kingdom","243936991091"
"107_1","107","DRAGON","1","Kingdom","-1192544578907"
"108_1","108","DRAGON","1","Kingdom","-1842061452295"
"109_1","109","DRAGON","1","Kingdom","921353960657"
"110_1","110","DRAGON","1","Kingdom","-494899668809"
"111_1","111","DRAGON","1","Kingdom","724643832042"
"112_1","112","DRAGON","1","Kingdom","-1143277927254"
"113_1","113","DRAGON","1","Kingdom","-103101172358"
"114_1","114","DRAGON","1","Kingdom","-1574752638644"
"115_1","115","DRAGON","1","Kingdom","-758865525300"
"116_1","116","DRAGON","1","Kingdom","-682747292361"
"117_1","117","DRAGON","1","Kingdom","-902428818318"
"118_1","118","DRAGON","1","Kingdom","-772248706085"
"119_1","119","DRAGON","1","Kingdom","-629823269526"
"120_1","120","DRAGON","1","Kingdom","-1798845854319"
"121_1","121","DRAGON","1","Kingdom","-1559329468880"
"122_1","122","DRAGON","1","Kingdom","-4962230050"
"123_1","123","DRAGON","1","Kingdom","-1246238624045"
"124_1","124","DRAGON","1","Kingdom","-1232953124405"
"125_1","125","DRAGON","1","Kingdom","672947128741"
"126_1","126","DRAGON","1","Kingdom","-1665965064053"
"127_1","127","DRAGON","1","Kingdom","-177192068423"
"128_1","128","DRAGON","1","Kingdom","223383776402"
"129_1","129","DRAGON","1","Kingdom","-1576776124470"
"130_1","130","DRAGON","1","Kingdom","-37478232070"
"131_1","131","DRAGON","1","Kingdom","-539988344426"
"132_1","132","DRAGON","1","Kingdom","108125243064"
"133_1","133","DRAGON","1","Kingdom","688916289674"
"134_1","134","DRAGON","1","Kingdom","-747898315031"
"135_1","135","DRAGON","1","Kingdom","-570700885026"
"136_1","136","DRAGON","1","Kingdom","-547457568534"
"137_1","137","DRAGON","1","Kingdom","467322748923"
"138_1","138","DRAGON","1","Kingdom","-2073665636991"
"139_1","139","DRAGON","1","Kingdom","-2081272469988"
"140_1","140","DRAGON","1","Kingdom","832969662209"
"141_1","141","DRAGON","1","Kingdom","-1164277053195"
"142_1","142","DRAGON","1","Kingdom","824297608923"
"143_1","143","DRAGON","1","Kingdom","-1474628799591"
"144_1","144","DRAGON","1","Kingdom","742406743051"
"145_1","145","DRAGON","1","Kingdom","720896748862"
"146_1","146","DRAGON","1","Kingdom","539595636033"
"147_1","147","DRAGON","1","Kingdom","642141920811"
"148_1","148","DRAGON","1","Kingdom","-801291222801"
"149_1","149","DRAGON","1","Kingdom","-925248597658"
"150_1","150","DRAGON","1","Kingdom","-2135462743933"
"151_1","151","DRAGON","1","Kingdom","-449617332534"
"152_1","152","DRAGON","1","Kingdom","-1068968875983"
"153_1","153","DRAGON","1","Kingdom","-641669180412"
"154_1","154","DRAGON","1","Kingdom","-922798692152"
"155_1","155","DRAGON","1","Kingdom","-904284049777"
"156_1","156","DRAGON","1","Kingdom","-90357055137"
"157_1","157","DRAGON","1","Kingdom","-1202429333156"
"158_1","158","DRAGON","1","Kingdom","212101272428"
"159_1","159","DRAGON","1","Kingdom","-304678391392"
"160_1","160","DRAGON","1","Kingdom","-4205654140"
"161_1","161","DRAGON","1","Kingdom","81301598359"
"162_1","162","DRAGON","1","Kingdom","-1709237434624"
"163_1","163","DRAGON","1","Kingdom","127682901947"
"164_1","164","DRAGON","1","Kingdom","-1255969992087"
"165_1","165","DRAGON","1","Kingdom","-759319013349"
"166_1","166","DRAGON","1","Kingdom","-2178042709800"
"167_1","167","DRAGON","1","Kingdom","405913527180"
"168_1","168","DRAGON","1","Kingdom","83307439994"
"169_1","169","DRAGON","1","Kingdom","-484585547758"
"170_1","170","DRAGON","1","Kingdom","-1206500868975"
"171_1","171","DRAGON","1","Kingdom","-360860618077"
"172_1","172","DRAGON","1","Kingdom","199931690625"
"173_1","173","DRAGON","1","Kingdom","-388209022930"
"174_1","174","DRAGON","1","Kingdom","-2111070307931"
"175_1","175","DRAGON","1","Kingdom","-367557885460"
"176_1","176","DRAGON","1","Kingdom","-301550368255"
"177_1","177","DRAGON","1","Kingdom","-1823876136656"
"178_1","178","DRAGON","1","Kingdom","-1511823745854"
"179_1","179","DRAGON","1","Kingdom","-728745763205"
"180_1","180","DRAGON","1","Kingdom","849289343874"
"181_1","181","DRAGON","1","Kingdom","-1005385807"
"182_1","182","DRAGON","1","Kingdom","-884106557579"
"183_1","183","DRAGON","1","Kingdom","-1257070389940"
"184_1","184","DRAGON","1","Kingdom","-2072943343595"
"185_1","185","DRAGON","1","Kingdom","-1324921046565"
"186_1","186","DRAGON","1","Kingdom","-824859449653"
"187_1","187","DRAGON","1","Kingdom","-2198173418288"
"188_1","188","DRAGON","1","Kingdom","748910637083"
"189_1","189","DRAGON","1","Kingdom","-350691628597"
"190_1","190","DRAGON","1","Kingdom","-2204773886058"
"191_1","191","DRAGON","1","Kingdom","-1465135331302"
"192_1","192","DRAGON","1","Kingdom","860559221482"
"193_1","193","DRAGON","1","Kingdom","514469585304"
"194_1","194","DRAGON","1","Kingdom","-888449749006"
"195_1","195","DRAGON","1","Kingdom","-595359736101"
"196_1","196","DRAGON","1","Kingdom","613336451348"
"197_1","197","DRAGON","1","Kingdom","307685968847"
"198_1","198","DRAGON","1","Kingdom","-1643227027354"
"199_1","199","DRAGON","1","Kingdom","757293948003"
"200_1","200","DRAGON","1","Kingdom","-31631205334"
"201_1","201","DRAGON","1","Kingdom","-1763813775570"
"202_1","202","DRAGON","1","Kingdom","-1256091016951"
"203_1","203","DRAGON","1","Kingdom","-964306898127"
"204_2","204","DRAGON","2","Kingdom","-1354144751062"
"205_2","205","DRAGON","2","Kingdom","-659442385055"
"206_2","206","DRAGON","2","Kingdom","799880110057"
"207_2","207","DRAGON","2","Kingdom","-1047094837714"
"208_2","208","DRAGON","2","Kingdom","617115761228"
"209_2","209","DRAGON","2","Kingdom","-164387813652"
"210_2","210","DRAGON","2","Kingdom","-1398887527021"
"211_2","211","DRAGON","2","Kingdom","-1250240134304"
"212_2","212","DRAGON","2","Kingdom","-1290117020988"
"213_2","213","DRAGON","2","Kingdom","421417382708"
"214_2","214","DRAGON","2","Kingdom","-37881667609"
"215_2","215","DRAGON","2","Kingdom","-942250414079"
"216_2","216","DRAGON","2","Kingdom","-492813795838"
"217_2","217","DRAGON","2","Kingdom","-384546005471"
"218_2","218","DRAGON","2","Kingdom","-813125682158"
"219_2","219","DRAGON","2","Kingdom","-615478983530"
"220_2","220","DRAGON","2","Kingdom","-406370473995"
"221_2","221","DRAGON","2","Kingdom","-1751066137352"
"222_2","222","DRAGON","2","Kingdom","-861336324758"
"223_2","223","DRAGON","2","Kingdom","-573755797740"
"224_2","224","DRAGON","2","Kingdom","158934743226"
"225_2","225","DRAGON","2","Kingdom","938763152195"
"226_2","226","DRAGON","2","Kingdom","220258183697"
"227_2","227","DRAGON","2","Kingdom","180690381933"
"228_2","228","DRAGON","2","Kingdom","-1077537718641"
"229_2","229","DRAGON","2","Kingdom","-1014457649621"
"230_2","230","DRAGON","2","Kingdom","306380860347"
"231_2","231","DRAGON","2","Kingdom","-1884428468144"
"232_2","232","DRAGON","2","Kingdom","-914173366502"
"233_2","233","DRAGON","2","Kingdom","-717282239642"
"234_2","234","DRAGON","2","Kingdom","-1279255724493"
"235_2","235","DRAGON","2","Kingdom","-341685045095"
"236_2","236","DRAGON","2","Kingdom","-896892594763"
"237_2","237","DRAGON","2","Kingdom","153476324011"
"238_2","238","DRAGON","2","Kingdom","-924409758979"
"239_2","239","DRAGON","2","Kingdom","-197866338690"
"240_2","240","DRAGON","2","Kingdom","-156688059240"
"241_2","241","DRAGON","2","Kingdom","-279594805032"
"242_2","242","DRAGON","2","Kingdom","-850819549331"
"243_2","243","DRAGON","2","Kingdom","-902977067511"
"244_2","244","DRAGON","2","Kingdom","-31155728478"
"245_2","245","DRAGON","2","Kingdom","-1000251818239"
"246_2","246","DRAGON","2","Kingdom","-1955222553845"
"247_2","247","DRAGON","2","Kingdom","379054398247"
"248_2","248","DRAGON","2","Kingdom","81727494950"
"249_2","249","DRAGON","2","Kingdom","141166414615"
"250_2","250","DRAGON","2","Kingdom","-1948231077954"
"251_2","251","DRAGON","2","Kingdom","-1307287983461"
"252_2","252","DRAGON","2","Kingdom","-1704471853275"
"253_2","253","DRAGON","2","Kingdom","800755279343"
"254_2","254","DRAGON","2","Kingdom","-1835138085113"
"255_2","255","DRAGON","2","Kingdom","-1445878932997"
"256_2","256","DRAGON","2","Kingdom","-1814845979285"
"257_2","257","DRAGON","2","Kingdom","-725612647012"
"258_2","258","DRAGON","2","Kingdom","-1319439471069"
"259_2","259","DRAGON","2","Kingdom","-371103264420"
"260_2","260","DRAGON","2","Kingdom","632716502393"
"261_2","261","DRAGON","2","Kingdom","74649746854"
"262_2","262","DRAGON","2","Kingdom","-33725228045"
"263_2","263","DRAGON","2","Kingdom","-960265152182"
"264_2","264","DRAGON","2","Kingdom","-1854046079504"
"265_2","265","DRAGON","2","Kingdom","-2100929651134"
"266_2","266","DRAGON","2","Kingdom","-2032657773909"
"267_2","267","DRAGON","2","Kingdom","-874827050349"
"268_2","268","DRAGON","2","Kingdom","-1922574849941"
"269_2","269","DRAGON","2","Kingdom","118278666232"
"270_2","270","DRAGON","2","Kingdom","-2030507904757"
"271_2","271","DRAGON","2","Kingdom","-2184378175936"
"272_2","272","DRAGON","2","Kingdom","-895323009681"
"273_2","273","DRAGON","2","Kingdom","-879288371633"
"274_2","274","DRAGON","2","Kingdom","744078973378"
"275_2","275","DRAGON","2","Kingdom","-1668876145171"
"276_2","276","DRAGON","2","Kingdom","36261187298"
"277_2","277","DRAGON","2","Kingdom","148047351862"
"278_2","278","DRAGON","2","Kingdom","-1803349955277"
"279_2","279","DRAGON","2","Kingdom","-533878334870"
"280_2","280","DRAGON","2","Kingdom","-1155456701982"
"281_2","281","DRAGON","2","Kingdom","-133923342647"
"282_2","282","DRAGON","2","Kingdom","-174268928472"
"283_2","283","DRAGON","2","Kingdom","309576154770"
"284_2","284","DRAGON","2","Kingdom","-1620740299201"
"285_2","285","DRAGON","2","Kingdom","-593152264925"
"286_2","286","DRAGON","2","Kingdom","644609882688"
"287_2","287","DRAGON","2","Kingdom","-650730129272"
"288_2","288","DRAGON","2","Kingdom","-1577362126416"
"289_2","289","DRAGON","2","Kingdom","-272308471135"
"290_2","290","DRAGON","2","Kingdom","251813362147"
"291_2","291","DRAGON","2","Kingdom","178366288785"
"292_2","292","DRAGON","2","Kingdom","-692925373811"
"293_2","293","DRAGON","2","Kingdom","604951628259"
"294_2","294","DRAGON","2","Kingdom","-1096008249123"
"295_2","295","DRAGON","2","Kingdom","290203898263"
"296_2","296","DRAGON","2","Kingdom","295653320342"
"297_2","297","DRAGON","2","Kingdom","237041736724"
"298_2","298","DRAGON","2","Kingdom","565339816207"
"299_2","299","DRAGON","2","Kingdom","-1475410195162"
"300_3","300","DRAGON","3","Kingdom","783556190274"
"301_3","301","DRAGON","3","Kingdom","-156709773395"
"302_3","302","DRAGON","3","Kingdom","-1534255953741"
"303_3","303","DRAGON","3","Kingdom","-1276411228924"
"304_3","304","DRAGON","3","Kingdom","-515467175827"
"305_3","305","DRAGON","3","Kingdom","235287413178"
"306_3","306","DRAGON","3","Kingdom","715705962889"
"307_3","307","DRAGON","3","Kingdom","381859097342"
"308_3","308","DRAGON","3","Kingdom","-203150000599"
"309_3","309","DRAGON","3","Kingdom","-709248454979"
"310_3","310","DRAGON","3","Kingdom","-202522081779"
"311_4","311","DRAGON","4","Kingdom","-1852804726264"
"312_4","312","DRAGON","4","Kingdom","479954466070"
"313_4","313","DRAGON","4","Kingdom","-1551352181286"
"314_4","314","DRAGON","4","Kingdom","-2170178949954"
"315_4","315","DRAGON","4","Kingdom","-1812339868567"
"316_4","316","DRAGON","4","Kingdom","531773008763"
"317_4","317","DRAGON","4","Kingdom","-160862339087"
"318_4","318","DRAGON","4","Kingdom","857983713471"
"319_4","319","DRAGON","4","Kingdom","-1001748226910"
"320_4","320","DRAGON","4","Kingdom","-1690947694405"
"321_4","321","DRAGON","4","Kingdom","-757664204045"
"322_4","322","DRAGON","4","Kingdom","-1783327982336"
"323_4","323","DRAGON","4","Kingdom","-1008419123248"
"324_4","324","DRAGON","4","Kingdom","-677394300097"
"325_4","325","DRAGON","4","Kingdom","-335051051366"
"326_4","326","DRAGON","4","Kingdom","-1264556068403"
"327_4","327","DRAGON","4","Kingdom","795479341026"
"328_4","328","DRAGON","4","Kingdom","-1726251389406"
"329_4","329","DRAGON","4","Kingdom","132007111372"
"330_4","330","DRAGON","4","Kingdom","-555524053316"
"331_4","331","DRAGON","4","Kingdom","-181838487257"
"332_4","332","DRAGON","4","Kingdom","665816240896"
"333_4","333","DRAGON","4","Kingdom","-1865231733348"
"334_4","334","DRAGON","4","Kingdom","-1741331381257"
"335_4","335","DRAGON","4","Kingdom","-786575162175"
"336_4","336","DRAGON","4","Kingdom","-1679353451064"
"337_4","337","DRAGON","4","Kingdom","-1394161837688"
"338_4","338","DRAGON","4","Kingdom","-963222904688"
"339_4","339","DRAGON","4","Kingdom","-1462856674112"
"340_4","340","DRAGON","4","Kingdom","-1701963517214"
"341_4","341","DRAGON","4","Kingdom","56083180282"
"342_4","342","DRAGON","4","Kingdom","253565488164"
"343_4","343","DRAGON","4","Kingdom","353866267887"
"344_4","344","DRAGON","4","Kingdom","915067326343"
"345_4","345","DRAGON","4","Kingdom","874751726387"
"346_4","346","DRAGON","4","Kingdom","-1308999810382"
"347_4","347","DRAGON","4","Kingdom","-40783868637"
"348_4","348","DRAGON","4","Kingdom","354842023203"
"349_4","349","DRAGON","4","Kingdom","-1503831639386"
"350_4","350","DRAGON","4","Kingdom","-730055200820"
"351_4","351","DRAGON","4","Kingdom","-2065581286134"
"352_4","352","DRAGON","4","Kingdom","518834264400"
"353_4","353","DRAGON","4","Kingdom","860527987115"
"354_4","354","DRAGON","4","Kingdom","-293685938263"
"355_4","355","DRAGON","4","Kingdom","-1845230495801"
"356_4","356","DRAGON","4","Kingdom","182833326503"
"357_4","357","DRAGON","4","Kingdom","-802115438344"
"358_4","358","DRAGON","4","Kingdom","-1092051505973"
"359_4","359","DRAGON","4","Kingdom","452480656461"
"360_4","360","DRAGON","4","Kingdom","845469702892"
"361_4","361","DRAGON","4","Kingdom","315644321961"
"362_4","362","DRAGON","4","Kingdom","41691454285"
"363_4","363","DRAGON","4","Kingdom","-2102212209199"
"364_4","364","DRAGON","4","Kingdom","768517344715"
"365_4","365","DRAGON","4","Kingdom","-1379269133479"
"366_4","366","DRAGON","4","Kingdom","-1323372694789"
"367_4","367","DRAGON","4","Kingdom","-467323178009"
"368_4","368","DRAGON","4","Kingdom","-680932038442"
"369_4","369","DRAGON","4","Kingdom","-1993069711732"
"370_4","370","DRAGON","4","Kingdom","442397255682"
"371_4","371","DRAGON","4","Kingdom","824888159393"
"372_4","372","DRAGON","4","Kingdom","-1855511053941"
"373_4","373","DRAGON","4","Kingdom","564173354888"
"374_4","374","DRAGON","4","Kingdom","-98187541204"
"375_4","375","DRAGON","4","Kingdom","257597443948"
"376_4","376","DRAGON","4","Kingdom","-724233912974"
"377_4","377","DRAGON","4","Kingdom","-492984015762"
"378_4","378","DRAGON","4","Kingdom","-1969651459018"
"379_4","379","DRAGON","4","Kingdom","-1366117251335"
"380_4","380","DRAGON","4","Kingdom","-164350164415"
"381_4","381","DRAGON","4","Kingdom","774771619126"
"382_4","382","DRAGON","4","Kingdom","660285947330"
"383_4","383","DRAGON","4","Kingdom","-757111652918"
"384_4","384","DRAGON","4","Kingdom","143111811200"
"385_4","385","DRAGON","4","Kingdom","-1726050590188"
"386_4","386","DRAGON","4","Kingdom","-2070691338232"
"387_4","387","DRAGON","4","Kingdom","428627133802"
"388_4","388","DRAGON","4","Kingdom","-492166746418"
"389_4","389","DRAGON","4","Kingdom","-607627359487"
"390_4","390","DRAGON","4","Kingdom","-669389619068"
"391_4","391","DRAGON","4","Kingdom","503603821543"
"392_4","392","DRAGON","4","Kingdom","944453889643"
"393_4","393","DRAGON","4","Kingdom","-480879413061"
"394_4","394","DRAGON","4","Kingdom","515506376038"
"395_4","395","DRAGON","4","Kingdom","-455114116826"
"396_4","396","DRAGON","4","Kingdom","756897007191"
"397_4","397","DRAGON","4","Kingdom","-658356375402"
"398_4","398","DRAGON","4","Kingdom","-1164987594962"
"399_4","399","DRAGON","4","Kingdom","648280034754"
"400_4","400","DRAGON","4","Kingdom","-1741778002038"
"401_4","401","DRAGON","4","Kingdom","-170021817035"
"402_4","402","DRAGON","4","Kingdom","-2140433171808"
"403_4","403","DRAGON","4","Kingdom","-119505811108"
"404_4","404","DRAGON","4","Kingdom","328692626973"
"405_4","405","DRAGON","4","Kingdom","-729862957749"
"406_4","406","DRAGON","4","Kingdom","-2124677348025"
"407_4","407","DRAGON","4","Kingdom","-1140515129003"
"408_4","408","DRAGON","4","Kingdom","-1239470035341"
"409_4","409","DRAGON","4","Kingdom","-1531182587827"
"410_4","410","DRAGON","4","Kingdom","902086576691"
"411_4","411","DRAGON","4","Kingdom","843929851287"
"412_4","412","DRAGON","4","Kingdom","-201289119160"
"413_4","413","DRAGON","4","Kingdom","-633579709817"
"414_4","414","DRAGON","4","Kingdom","945700340161"
"415_4","415","DRAGON","4","Kingdom","-2134074768558"
"416_4","416","DRAGON","4","Kingdom","-954001585793"
"417_4","417","DRAGON","4","Kingdom","-1640610585963"
"418_4","418","DRAGON","4","Kingdom","-2004709967715"
"419_4","419","DRAGON","4","Kingdom","493159061461"
"420_4","420","DRAGON","4","Kingdom","-1364795940512"
"421_4","421","DRAGON","4","Kingdom","-1798398180500"
"422_4","422","DRAGON","4","Kingdom","-1361806900092"
"423_4","423","DRAGON","4","Kingdom","-552435931131"
"424_4","424","DRAGON","4","Kingdom","-579368904099"
"425_4","425","DRAGON","4","Kingdom","-2113623640959"
"426_4","426","DRAGON","4","Kingdom","-1441551819451"
"427_4","427","DRAGON","4","Kingdom","-1336719255828"
"428_4","428","DRAGON","4","Kingdom","-1095052270820"
"429_4","429","DRAGON","4","Kingdom","-431384051891"
"430_4","430","DRAGON","4","Kingdom","195235307800"
"431_4","431","DRAGON","4","Kingdom","-670294040373"
"432_4","432","DRAGON","4","Kingdom","-1289398073768"
"433_4","433","DRAGON","4","Kingdom","-340642014200"
"434_4","434","DRAGON","4","Kingdom","-1098845025474"
"435_4","435","DRAGON","4","Kingdom","626947072239"
"436_4","436","DRAGON","4","Kingdom","140967064690"
"437_4","437","DRAGON","4","Kingdom","631587564440"
"438_4","438","DRAGON","4","Kingdom","-1678515374160"
"439_4","439","DRAGON","4","Kingdom","-2096517590505"
"440_4","440","DRAGON","4","Kingdom","-1822416584193"
"441_4","441","DRAGON","4","Kingdom","-1334098810346"
"442_4","442","DRAGON","4","Kingdom","-1572405069723"
"443_4","443","DRAGON","4","Kingdom","306560923298"
"444_4","444","DRAGON","4","Kingdom","862203489252"
"445_4","445","DRAGON","4","Kingdom","848621563938"
"446_4","446","DRAGON","4","Kingdom","-1751004648632"
"447_4","447","DRAGON","4","Kingdom","119455804704"
"448_4","448","DRAGON","4","Kingdom","-1133084736025"
"449_4","449","DRAGON","4","Kingdom","-1975016656644"
"450_4","450","DRAGON","4","Kingdom","-2208817882290"
"451_4","451","DRAGON","4","Kingdom","101980570934"
"452_4","452","DRAGON","4","Kingdom","-110875817708"
"453_4","453","DRAGON","4","Kingdom","-1977395964753"
"454_4","454","DRAGON","4","Kingdom","840285438366"
"455_4","455","DRAGON","4","Kingdom","-907607487831"
"456_4","456","DRAGON","4","Kingdom","-235084873342"
"457_4","457","DRAGON","4","Kingdom","-1680810194199"
"458_4","458","DRAGON","4","Kingdom","-291770154841"
"459_4","459","DRAGON","4","Kingdom","-1052200970348"
"460_5","460","DRAGON","5","Kingdom","-1295675899255"
"461_5","461","DRAGON","5","Kingdom","-1713672767831"
"462_5","462","DRAGON","5","Kingdom","910809603986"
"463_5","463","DRAGON","5","Kingdom","671927368082"
"464_5","464","DRAGON","5","Kingdom","-385637184402"
"465_5","465","DRAGON","5","Kingdom","176935538775"
"466_5","466","DRAGON","5","Kingdom","-1969360915640"
"467_5","467","DRAGON","5","Kingdom","-1345704856170"
"468_5","468","DRAGON","5","Kingdom","821971854246"
"469_5","469","DRAGON","5","Kingdom","-1274109439794"
"470_5","470","DRAGON","5","Kingdom","667955154863"
"471_5","471","DRAGON","5","Kingdom","-1997675829111"
"472_5","472","DRAGON","5","Kingdom","-862887365774"
"473_5","473","DRAGON","5","Kingdom","-1595523007880"
"474_5","474","DRAGON","5","Kingdom","-1601880669813"
"475_5","475","DRAGON","5","Kingdom","-13862037035"
"476_5","476","DRAGON","5","Kingdom","-332316115011"
"477_5","477","DRAGON","5","Kingdom","-499944736853"
"478_5","478","DRAGON","5","Kingdom","-197294409097"
"479_5","479","DRAGON","5","Kingdom","-1883986982394"
"480_5","480","DRAGON","5","Kingdom","464916536900"
"481_5","481","DRAGON","5","Kingdom","454250036255"
"482_5","482","DRAGON","5","Kingdom","-1749488794683"
"483_5","483","DRAGON","5","Kingdom","-352595485750"
"484_5","484","DRAGON","5","Kingdom","171517073419"
"485_5","485","DRAGON","5","Kingdom","413659991145"
"486_5","486","DRAGON","5","Kingdom","-2040659517913"
"487_5","487","DRAGON","5","Kingdom","-1824438674860"
"488_5","488","DRAGON","5","Kingdom","-882477426627"
"489_5","489","DRAGON","5","Kingdom","-105841847518"
"490_5","490","DRAGON","5","Kingdom","-1645196038088"
"491_5","491","DRAGON","5","Kingdom","-648616871327"
"492_5","492","DRAGON","5","Kingdom","-1679413074065"
"493_5","493","DRAGON","5","Kingdom","-696697737390"
"494_5","494","DRAGON","5","Kingdom","-510126047094"
"495_5","495","DRAGON","5","Kingdom","-757023867101"
"496_5","496","DRAGON","5","Kingdom","896971378613"
"497_5","497","DRAGON","5","Kingdom","589083263059"
"498_5","498","DRAGON","5","Kingdom","448424022823"
"499_5","499","DRAGON","5","Kingdom","-972722124381"
"500_5","500","DRAGON","5","Kingdom","-613342555825"
"501_5","501","DRAGON","5","Kingdom","-1537346254129"
"502_5","502","DRAGON","5","Kingdom","-992201117737"
"503_5","503","DRAGON","5","Kingdom","-142812583974"
"504_5","504","DRAGON","5","Kingdom","656695818435"
"505_5","505","DRAGON","5","Kingdom","-569639163988"
"506_5","506","DRAGON","5","Kingdom","235077574019"
"507_5","507","DRAGON","5","Kingdom","179879727384"
"508_5","508","DRAGON","5","Kingdom","-1476678709625"
"509_5","509","DRAGON","5","Kingdom","520213172493"
"510_5","510","DRAGON","5","Kingdom","164805171254"
"511_5","511","DRAGON","5","Kingdom","611386502050"
"512_5","512","DRAGON","5","Kingdom","-643644886988"
"513_5","513","DRAGON","5","Kingdom","-880569416180"
"514_5","514","DRAGON","5","Kingdom","625122055129"
"515_5","515","DRAGON","5","Kingdom","-122275355158"
"516_5","516","DRAGON","5","Kingdom","-1873746889724"
"517_5","517","DRAGON","5","Kingdom","-1399333977931"
"518_5","518","DRAGON","5","Kingdom","905608122800"
"519_5","519","DRAGON","5","Kingdom","395218021391"
"520_5","520","DRAGON","5","Kingdom","-817248278270"
"521_5","521","DRAGON","5","Kingdom","-739104168170"
"522_5","522","DRAGON","5","Kingdom","-1818719437160"
"523_5","523","DRAGON","5","Kingdom","-361270383113"
"524_5","524","DRAGON","5","Kingdom","49980762788"
"525_5","525","DRAGON","5","Kingdom","-1710794745736"
"526_5","526","DRAGON","5","Kingdom","-4547896347"
"527_5","527","DRAGON","5","Kingdom","-1183537287131"
"528_5","528","DRAGON","5","Kingdom","-1017298615458"
"529_5","529","DRAGON","5","Kingdom","27068569280"
"530_5","530","DRAGON","5","Kingdom","692616502071"
"531_5","531","DRAGON","5","Kingdom","-609405005085"
"532_5","532","DRAGON","5","Kingdom","-1608747506969"
"533_5","533","DRAGON","5","Kingdom","449859400099"
"534_5","534","DRAGON","5","Kingdom","-1083663501386"
"535_5","535","DRAGON","5","Kingdom","-2127283134991"
"536_5","536","DRAGON","5","Kingdom","-1235516323340"
"537_5","537","DRAGON","5","Kingdom","748661708553"
"538_5","538","DRAGON","5","Kingdom","-957055302131"
"539_5","539","DRAGON","5","Kingdom","-92687924194"
"540_5","540","DRAGON","5","Kingdom","-1376247536537"
"541_5","541","DRAGON","5","Kingdom","613822387069"
"542_5","542","DRAGON","5","Kingdom","705616692846"
"543_6","543","DRAGON","6","Kingdom","-1675229474495"
"544_6","544","DRAGON","6","Kingdom","-1784025396697"
"545_6","545","DRAGON","6","Kingdom","-1870178888050"
"546_6","546","DRAGON","6","Kingdom","-430396448224"
"547_6","547","DRAGON","6","Kingdom","703231240507"
"548_6","548","DRAGON","6","Kingdom","-452411923904"
"549_6","549","DRAGON","6","Kingdom","-1032154835938"
"550_6","550","DRAGON","6","Kingdom","-13259499845"
"551_6","551","DRAGON","6","Kingdom","761674413224"
"552_6","552","DRAGON","6","Kingdom","198104265386"
"553_6","553","DRAGON","6","Kingdom","-699464282291"
"554_6","554","DRAGON","6","Kingdom","-1070847505202"
"555_6","555","DRAGON","6","Kingdom","-645874440002"
"556_6","556","DRAGON","6","Kingdom","-1379825269854"
"557_6","557","DRAGON","6","Kingdom","-155305232811"
"558_6","558","DRAGON","6","Kingdom","935467527347"
"559_6","559","DRAGON","6","Kingdom","865017464090"
"560_6","560","DRAGON","6","Kingdom","-686887797125"
"561_6","561","DRAGON","6","Kingdom","-2092649596017"
"562_6","562","DRAGON","6","Kingdom","-1051854567141"
"563_6","563","DRAGON","6","Kingdom","-1470974531000"
"564_6","564","DRAGON","6","Kingdom","-2042011344820"
"565_6","565","DRAGON","6","Kingdom","-1115199831850"
"566_6","566","DRAGON","6","Kingdom","-318337597371"
"567_6","567","DRAGON","6","Kingdom","-1469378349599"
"568_6","568","DRAGON","6","Kingdom","-240315229695"
"569_6","569","DRAGON","6","Kingdom","386312558635"
"570_6","570","DRAGON","6","Kingdom","-407437156952"
"571_6","571","DRAGON","6","Kingdom","-751182643584"
"572_6","572","DRAGON","6","Kingdom","689920997699"
"573_6","573","DRAGON","6","Kingdom","-831762313749"
"574_6","574","DRAGON","6","Kingdom","-804443562502"
"575_6","575","DRAGON","6","Kingdom","-2133091052496"
"576_6","576","DRAGON","6","Kingdom","-2185917789766"
"577_6","577","DRAGON","6","Kingdom","-535335501819"
"578_6","578","DRAGON","6","Kingdom","-1080519387734"
"579_6","579","DRAGON","6","Kingdom","111795960757"
"580_6","580","DRAGON","6","Kingdom","-1894034946688"
"581_6","581","DRAGON","6","Kingdom","-190666559202"
"582_6","582","DRAGON","6","Kingdom","875442894406"
"583_6","583","DRAGON","6","Kingdom","226205899145"
"584_6","584","DRAGON","6","Kingdom","-300802137241"
"585_6","585","DRAGON","6","Kingdom","922865571730"
"586_6","586","DRAGON","6","Kingdom","324279782908"
"587_6","587","DRAGON","6","Kingdom","-1204693251022"
"588_6","588","DRAGON","6","Kingdom","-539469648026"
"589_6","589","DRAGON","6","Kingdom","-1738321219656"
"590_6","590","DRAGON","6","Kingdom","812697648990"
"591_6","591","DRAGON","6","Kingdom","-163017537363"
"592_6","592","DRAGON","6","Kingdom","206380052636"
"593_6","593","DRAGON","6","Kingdom","-2161726066011"
"594_6","594","DRAGON","6","Kingdom","-1129600884663"
"595_6","595","DRAGON","6","Kingdom","-642231465215"
"596_6","596","DRAGON","6","Kingdom","-1099270202647"
"597_6","597","DRAGON","6","Kingdom","-1254762755685"
"598_6","598","DRAGON","6","Kingdom","780959334216"
"599_6","599","DRAGON","6","Kingdom","-1965442188984"
"600_6","600","DRAGON","6","Kingdom","-214552406906"
"601_6","601","DRAGON","6","Kingdom","-1574467956906"
"602_6","602","DRAGON","6","Kingdom","-2110127746579"
"603_6","603","DRAGON","6","Kingdom","312680261683"
"604_6","604","DRAGON","6","Kingdom","-597833813766"
"605_6","605","DRAGON","6","Kingdom","548178898427"
"606_6","606","DRAGON","6","Kingdom","-148343626213"
"607_6","607","DRAGON","6","Kingdom","-1947268811408"
"608_6","608","DRAGON","6","Kingdom","-504307696736"
"609_6","609","DRAGON","6","Kingdom","211613255130"
"610_6","610","DRAGON","6","Kingdom","-261527641120"
"611_6","611","DRAGON","6","Kingdom","-1774961389122"
"612_6","612","DRAGON","6","Kingdom","-1637452706478"
"613_6","613","DRAGON","6","Kingdom","-197924673207"
"614_6","614","DRAGON","6","Kingdom","533964400698"
"615_6","615","DRAGON","6","Kingdom","201727063807"
"616_6","616","DRAGON","6","Kingdom","-1922623979280"
"617_6","617","DRAGON","6","Kingdom","-760839093348"
"618_6","618","DRAGON","6","Kingdom","-1240853099694"
"619_6","619","DRAGON","6","Kingdom","-404076470554"
"620_6","620","DRAGON","6","Kingdom","-1441625870996"
"621_6","621","DRAGON","6","Kingdom","291155129353"
"622_6","622","DRAGON","6","Kingdom","-1478605305314"
"623_6","623","DRAGON","6","Kingdom","-472432537941"
"624_6","624","DRAGON","6","Kingdom","-1555368650789"
"625_6","625","DRAGON","6","Kingdom","907377625028"
"626_6","626","DRAGON","6","Kingdom","458538393222"
"627_6","627","DRAGON","6","Kingdom","-1985552840894"
"628_6","628","DRAGON","6","Kingdom","250647967703"
"629_6","629","DRAGON","6","Kingdom","509871491465"
"630_6","630","DRAGON","6","Kingdom","-825075213120"
"631_6","631","DRAGON","6","Kingdom","80623121522"
"632_6","632","DRAGON","6","Kingdom","746650827123"
"633_6","633","DRAGON","6","Kingdom","837187778090"
"634_6","634","DRAGON","6","Kingdom","585420252579"
"635_6","635","DRAGON","6","Kingdom","-442251216116"
"636_6","636","DRAGON","6","Kingdom","-1825134965886"
"637_6","637","DRAGON","6","Kingdom","638974591052"
"638_6","638","DRAGON","6","Kingdom","-1249702520015"
"639_6","639","DRAGON","6","Kingdom","242051304389"
"640_6","640","DRAGON","6","Kingdom","-863046898401"
"641_6","641","DRAGON","6","Kingdom","-1222056655120"
"642_6","642","DRAGON","6","Kingdom","-1037471274450"
"643_6","643","DRAGON","6","Kingdom","527112046746"
"644_6","644","DRAGON","6","Kingdom","-1886611379163"
"645_6","645","DRAGON","6","Kingdom","-947034630286"
"646_6","646","DRAGON","6","Kingdom","-1884236687458"
"647_6","647","DRAGON","6","Kingdom","-357391023774"
"648_6","648","DRAGON","6","Kingdom","-445226704719"
"649_6","649","DRAGON","6","Kingdom","-752680762768"
"650_6","650","DRAGON","6","Kingdom","376660158517"
"651_6","651","DRAGON","6","Kingdom","-597932626774"
"652_6","652","DRAGON","6","Kingdom","-642665045332"
"653_6","653","DRAGON","6","Kingdom","-2197336345148"
"654_6","654","DRAGON","6","Kingdom","401184209811"
"655_6","655","DRAGON","6","Kingdom","300901588743"
"656_6","656","DRAGON","6","Kingdom","162576794279"
"657_6","657","DRAGON","6","Kingdom","-2085158139479"
"658_6","658","DRAGON","6","Kingdom","-1008771172448"
"659_6","659","DRAGON","6","Kingdom","-848877984979"
"660_6","660","DRAGON","6","Kingdom","51674467151"
"661_6","661","DRAGON","6","Kingdom","-663162988039"
"662_6","662","DRAGON","6","Kingdom","-703068293801"
"663_6","663","DRAGON","6","Kingdom","-1933818877946"
"664_6","664","DRAGON","6","Kingdom","-1949634168920"
"665_6","665","DRAGON","6","Kingdom","-1700131619797"
"666_6","666","DRAGON","6","Kingdom","147448322085"
"667_6","667","DRAGON","6","Kingdom","-1229471734457"
"668_6","668","DRAGON","6","Kingdom","-1912054434354"
"669_6","669","DRAGON","6","Kingdom","-1201389068207"
"670_6","670","DRAGON","6","Kingdom","-467104460989"
"671_6","671","DRAGON","6","Kingdom","-1672916433892"
"672_6","672","DRAGON","6","Kingdom","-875122933391"
"673_6","673","DRAGON","6","Kingdom","-1336734573800"
"674_6","674","DRAGON","6","Kingdom","365478281659"
"675_6","675","DRAGON","6","Kingdom","-2101918246251"
"676_6","676","DRAGON","6","Kingdom","-1815127809946"
"677_6","677","DRAGON","6","Kingdom","163717557693"
"678_6","678","DRAGON","6","Kingdom","-1300373169795"
"679_6","679","DRAGON","6","Kingdom","-77354581901"
"680_6","680","DRAGON","6","Kingdom","-51517450018"
"681_6","681","DRAGON","6","Kingdom","-1003047081247"
"682_6","682","DRAGON","6","Kingdom","-1754377328934"
"683_6","683","DRAGON","6","Kingdom","-1640167803898"
"684_6","684","DRAGON","6","Kingdom","-283666439650"
"685_6","685","DRAGON","6","Kingdom","220964598246"
"686_6","686","DRAGON","6","Kingdom","-323819011133"
"687_6","687","DRAGON","6","Kingdom","542554905728"
"688_6","688","DRAGON","6","Kingdom","-1559395247430"
"689_6","689","DRAGON","6","Kingdom","-1132451757936"
"690_6","690","DRAGON","6","Kingdom","-1219833286337"
"691_6","691","DRAGON","6","Kingdom","79205087925"
"692_6","692","DRAGON","6","Kingdom","342394913593"
"693_6","693","DRAGON","6","Kingdom","-1144551963815"
"694_6","694","DRAGON","6","Kingdom","-1778550895660"
"695_6","695","DRAGON","6","Kingdom","-1132077529910"
"696_6","696","DRAGON","6","Kingdom","-290217732446"
"697_6","697","DRAGON","6","Kingdom","-2092989612338"
"698_6","698","DRAGON","6","Kingdom","-2027242199605"
"699_6","699","DRAGON","6","Kingdom","769751270976"
"700_6","700","DRAGON","6","Kingdom","909337119440"
"701_6","701","DRAGON","6","Kingdom","244885682668"
"702_6","702","DRAGON","6","Kingdom","-688424495854"
"703_6","703","DRAGON","6","Kingdom","-245015332323"
"704_6","704","DRAGON","6","Kingdom","-943974547160"
"705_6","705","DRAGON","6","Kingdom","-2106595364574"
"706_6","706","DRAGON","6","Kingdom","113560831659"
"707_7","707","DRAGON","7","Kingdom","718248798274"
"708_7","708","DRAGON","7","Kingdom","-1426036064663"
"709_7","709","DRAGON","7","Kingdom","-1069169680825"
"710_7","710","DRAGON","7","Kingdom","-1287601817462"
"711_7","711","DRAGON","7","Kingdom","340468227064"
"712_7","712","DRAGON","7","Kingdom","-235691023855"
"713_7","713","DRAGON","7","Kingdom","-501676494561"
"714_7","714","DRAGON","7","Kingdom","-1839057034271"
"715_7","715","DRAGON","7","Kingdom","-1420016234275"
"716_7","716","DRAGON","7","Kingdom","-2080110830930"
"717_7","717","DRAGON","7","Kingdom","-283350089992"
"718_7","718","DRAGON","7","Kingdom","835621928460"
"719_7","719","DRAGON","7","Kingdom","618062695669"
"720_7","720","DRAGON","7","Kingdom","914816527972"
"721_7","721","DRAGON","7","Kingdom","120159551303"
"722_7","722","DRAGON","7","Kingdom","738819375990"
"723_7","723","DRAGON","7","Kingdom","-1873870875716"
"724_7","724","DRAGON","7","Kingdom","-642565916071"
"725_7","725","DRAGON","7","Kingdom","-851298991742"
"726_7","726","DRAGON","7","Kingdom","923069329279"
"727_7","727","DRAGON","7","Kingdom","-1355287932888"
"728_7","728","DRAGON","7","Kingdom","266035056886"
"729_7","729","DRAGON","7","Kingdom","-1308998638686"
"730_7","730","DRAGON","7","Kingdom","74419427235"
"731_7","731","DRAGON","7","Kingdom","622134774231"
"732_7","732","DRAGON","7","Kingdom","60509935915"
"733_7","733","DRAGON","7","Kingdom","-44523919362"
"734_7","734","DRAGON","7","Kingdom","-566634092086"
"735_7","735","DRAGON","7","Kingdom","757117718290"
"736_7","736","DRAGON","7","Kingdom","-454778775969"
"737_7","737","DRAGON","7","Kingdom","-134392719105"
"738_7","738","DRAGON","7","Kingdom","362372395943"
"739_7","739","DRAGON","7","Kingdom","-947380251825"
"740_7","740","DRAGON","7","Kingdom","-1069804130599"
"741_7","741","DRAGON","7","Kingdom","-148418313221"
"742_7","742","DRAGON","7","Kingdom","-1340010232297"
"743_7","743","DRAGON","7","Kingdom","-1003503712526"
"744_7","744","DRAGON","7","Kingdom","405847656930"
"745_7","745","DRAGON","7","Kingdom","-754168439821"
"746_7","746","DRAGON","7","Kingdom","676695794769"
"747_7","747","DRAGON","7","Kingdom","87507540925"
"748_7","748","DRAGON","7","Kingdom","375324531710"
"749_7","749","DRAGON","7","Kingdom","204119517730"
"750_7","750","DRAGON","7","Kingdom","-60746116276"
"751_7","751","DRAGON","7","Kingdom","-714677976017"
"752_7","752","DRAGON","7","Kingdom","-1332654024218"
"753_7","753","DRAGON","7","Kingdom","-1429991502126"
"754_7","754","DRAGON","7","Kingdom","-529873308015"
"755_7","755","DRAGON","7","Kingdom","-915457192547"
"756_7","756","DRAGON","7","Kingdom","-783636959532"
"757_7","757","DRAGON","7","Kingdom","6517522227"
"758_7","758","DRAGON","7","Kingdom","-1085272248031"
"759_7","759","DRAGON","7","Kingdom","-1400215783540"
"760_7","760","DRAGON","7","Kingdom","-1891162303005"
"761_7","761","DRAGON","7","Kingdom","-1698197781451"
"762_7","762","DRAGON","7","Kingdom","671969990942"
"763_7","763","DRAGON","7","Kingdom","-392082243269"
"764_7","764","DRAGON","7","Kingdom","264874906771"
"765_7","765","DRAGON","7","Kingdom","837684783428"
"766_7","766","DRAGON","7","Kingdom","829296008300"
"767_7","767","DRAGON","7","Kingdom","-1076186209095"
"768_7","768","DRAGON","7","Kingdom","-1929795579456"
"769_7","769","DRAGON","7","Kingdom","248053816109"
"770_7","770","DRAGON","7","Kingdom","-866117802726"
"771_7","771","DRAGON","7","Kingdom","-1621198342320"
"772_7","772","DRAGON","7","Kingdom","-1484967382459"
"773_7","773","DRAGON","7","Kingdom","-1464296198020"
"774_7","774","DRAGON","7","Kingdom","-1237837126790"
"775_7","775","DRAGON","7","Kingdom","563794916381"
"776_7","776","DRAGON","7","Kingdom","861362874005"
"777_7","777","DRAGON","7","Kingdom","-753600198594"
"778_7","778","DRAGON","7","Kingdom","-2007760965111"
"779_7","779","DRAGON","7","Kingdom","-262835158824"
"780_7","780","DRAGON","7","Kingdom","-2146980537461"
"781_7","781","DRAGON","7","Kingdom","561246789555"
"782_7","782","DRAGON","7","Kingdom","-1399164174348"
"783_7","783","DRAGON","7","Kingdom","-2021922506472"
"784_7","784","DRAGON","7","Kingdom","208166560146"
"785_7","785","DRAGON","7","Kingdom","-1067129524938"
"786_7","786","DRAGON","7","Kingdom","517993422893"
"787_7","787","DRAGON","7","Kingdom","637870638399"
"788_7","788","DRAGON","7","Kingdom","-200080739115"
"789_7","789","DRAGON","7","Kingdom","84951403728"
"790_7","790","DRAGON","7","Kingdom","-486065024800"
"791_7","791","DRAGON","7","Kingdom","-1078779932502"
"792_7","792","DRAGON","7","Kingdom","665007076191"
"793_7","793","DRAGON","7","Kingdom","695168581221"
"794_7","794","DRAGON","7","Kingdom","23652034763"
"795_7","795","DRAGON","7","Kingdom","-35683703833"
"796_7","796","DRAGON","7","Kingdom","547745522463"
"797_7","797","DRAGON","7","Kingdom","178091236413"
"798_7","798","DRAGON","7","Kingdom","-1112111263459"
"799_7","799","DRAGON","7","Kingdom","-2059073466143"
"800_7","800","DRAGON","7","Kingdom","-548553445515"
"801_7","801","DRAGON","7","Kingdom","631638109936"
"802_7","802","DRAGON","7","Kingdom","-1698713497532"
"803_7","803","DRAGON","7","Kingdom","-241384765886"
"804_7","804","DRAGON","7","Kingdom","-1564704451586"
"805_7","805","DRAGON","7","Kingdom","-1169320513475"
"806_7","806","DRAGON","7","Kingdom","730858966317"
"807_7","807","DRAGON","7","Kingdom","858130200579"
"808_7","808","DRAGON","7","Kingdom","-1988434625437"
"809_7","809","DRAGON","7","Kingdom","-1736153161955"
"810_7","810","DRAGON","7","Kingdom","-810828661956"
"811_7","811","DRAGON","7","Kingdom","-1585643412935"
"812_7","812","DRAGON","7","Kingdom","526625583574"
"813_7","813","DRAGON","7","Kingdom","276105925869"
"814_7","814","DRAGON","7","Kingdom","-2082242121557"
"815_7","815","DRAGON","7","Kingdom","-1119676848671"
"816_7","816","DRAGON","7","Kingdom","-1594071149622"
"817_7","817","DRAGON","7","Kingdom","-1095771947630"
"818_7","818","DRAGON","7","Kingdom","-1480158851994"
"819_7","819","DRAGON","7","Kingdom","345088557229"
"820_7","820","DRAGON","7","Kingdom","-1517319234050"
"821_7","821","DRAGON","7","Kingdom","-542629273852"
"822_7","822","DRAGON","7","Kingdom","-1544640587113"
"823_7","823","DRAGON","7","Kingdom","685036521112"
"824_7","824","DRAGON","7","Kingdom","-944254667643"
"825_7","825","DRAGON","7","Kingdom","737625175277"
"826_7","826","DRAGON","7","Kingdom","-2078321722383"
"827_7","827","DRAGON","7","Kingdom","482031682811"
"828_7","828","DRAGON","7","Kingdom","404343661302"
"829_7","829","DRAGON","7","Kingdom","-219857069800"
"830_7","830","DRAGON","7","Kingdom","-1973827133077"
"831_7","831","DRAGON","7","Kingdom","638925470595"
"832_7","832","DRAGON","7","Kingdom","-1340182718044"
"833_7","833","DRAGON","7","Kingdom","-1442363825429"
"834_7","834","DRAGON","7","Kingdom","-1606280760302"
"835_7","835","DRAGON","7","Kingdom","79167204312"
"836_7","836","DRAGON","7","Kingdom","585111732314"
"837_7","837","DRAGON","7","Kingdom","-971579870314"
"838_7","838","DRAGON","7","Kingdom","-1446810489663"
"839_7","839","DRAGON","7","Kingdom","218962226685"
"840_7","840","DRAGON","7","Kingdom","-583206376649"
"841_7","841","DRAGON","7","Kingdom","732686743724"
"842_7","842","DRAGON","7","Kingdom","-295010481920"
"843_7","843","DRAGON","7","Kingdom","-1390865292561"
"844_7","844","DRAGON","7","Kingdom","224384694012"
"845_7","845","DRAGON","7","Kingdom","385851273160"
"846_7","846","DRAGON","7","Kingdom","461822191045"
"847_7","847","DRAGON","7","Kingdom","-1383474535645"
"848_7","848","DRAGON","7","Kingdom","-250665744956"
"849_7","849","DRAGON","7","Kingdom","840681972814"
"850_7","850","DRAGON","7","Kingdom","-2124959997733"
"851_7","851","DRAGON","7","Kingdom","-1665618344202"
"852_7","852","DRAGON","7","Kingdom","43140918331"
"853_7","853","DRAGON","7","Kingdom","-1857594609393"
"854_7","854","DRAGON","7","Kingdom","-88192111198"
"855_7","855","DRAGON","7","Kingdom","-786861542933"
"856_7","856","DRAGON","7","Kingdom","-1846872117811"
"857_7","857","DRAGON","7","Kingdom","-50190929724"
"858_7","858","DRAGON","7","Kingdom","252462770623"
"859_7","859","DRAGON","7","Kingdom","-1351590318554"
"860_7","860","DRAGON","7","Kingdom","508591367474"
"861_7","861","DRAGON","7","Kingdom","-445513255390"
"862_7","862","DRAGON","7","Kingdom","-1015526345541"
"863_7","863","DRAGON","7","Kingdom","199109260551"
"864_7","864","DRAGON","7","Kingdom","-934634454930"
"865_7","865","DRAGON","7","Kingdom","-357995491630"
"866_7","866","DRAGON","7","Kingdom","-922497054351"
"867_7","867","DRAGON","7","Kingdom","-79859699373"
"868_7","868","DRAGON","7","Kingdom","-45267372632"
"869_7","869","DRAGON","7","Kingdom","-2099622198894"
"870_7","870","DRAGON","7","Kingdom","885073131321"
"871_7","871","DRAGON","7","Kingdom","-111520805523"
"872_7","872","DRAGON","7","Kingdom","-2176352766329"
"873_7","873","DRAGON","7","Kingdom","-518265760576"
"874_7","874","DRAGON","7","Kingdom","-644291580817"
"875_7","875","DRAGON","7","Kingdom","-207200700556"
"876_7","876","DRAGON","7","Kingdom","-1477252461462"
"877_7","877","DRAGON","7","Kingdom","-2101448663885"
"878_7","878","DRAGON","7","Kingdom","-407755176313"
"879_7","879","DRAGON","7","Kingdom","-72284505614"
"880_7","880","DRAGON","7","Kingdom","845582546746"
"881_7","881","DRAGON","7","Kingdom","336297104690"
"882_7","882","DRAGON","7","Kingdom","-1086062529670"
"883_7","883","DRAGON","7","Kingdom","-351067055041"
"884_7","884","DRAGON","7","Kingdom","-403930152907"
"885_7","885","DRAGON","7","Kingdom","-1732661507047"
"886_7","886","DRAGON","7","Kingdom","-2053478798872"
"887_7","887","DRAGON","7","Kingdom","-385071222577"
"888_7","888","DRAGON","7","Kingdom","367546238900"
"889_7","889","DRAGON","7","Kingdom","-221978874194"
"890_7","890","DRAGON","7","Kingdom","-2027126379612"
"891_7","891","DRAGON","7","Kingdom","-1289413146073"
"892_7","892","DRAGON","7","Kingdom","-1009405854770"
"893_7","893","DRAGON","7","Kingdom","-1814620975190"
"894_7","894","DRAGON","7","Kingdom","-1982932115054"
"895_7","895","DRAGON","7","Kingdom","-896715893611"
"896_7","896","DRAGON","7","Kingdom","-2188634712270"
"897_7","897","DRAGON","7","Kingdom","-59298491782"
"898_7","898","DRAGON","7","Kingdom","-1861196715878"
"899_7","899","DRAGON","7","Kingdom","897493535912"
"900_7","900","DRAGON","7","Kingdom","-1705157313067"
"901_7","901","DRAGON","7","Kingdom","-510468967085"
"902_7","902","DRAGON","7","Kingdom","603494337514"
"903_7","903","DRAGON","7","Kingdom","196595055770"
"904_7","904","DRAGON","7","Kingdom","358537475267"
"905_7","905","DRAGON","7","Kingdom","-253328371527"
"906_7","906","DRAGON","7","Kingdom","-799907388184"
"907_7","907","DRAGON","7","Kingdom","-1823001793986"
"908_7","908","DRAGON","7","Kingdom","-1464061747779"
"909_7","909","DRAGON","7","Kingdom","-1756786367717"
"910_7","910","DRAGON","7","Kingdom","-1289360308985"
"911_7","911","DRAGON","7","Kingdom","-1545591643101"
"912_7","912","DRAGON","7","Kingdom","868259588481"
"913_7","913","DRAGON","7","Kingdom","-1781174866837"
"914_7","914","DRAGON","7","Kingdom","274499420853"
"915_7","915","DRAGON","7","Kingdom","-1862829084262"
"916_7","916","DRAGON","7","Kingdom","722448964903"
"917_7","917","DRAGON","7","Kingdom","-646384174144"
"918_7","918","DRAGON","7","Kingdom","137882477994"
"919_7","919","DRAGON","7","Kingdom","-1890267236331"
"920_7","920","DRAGON","7","Kingdom","-1846153927441"
"921_7","921","DRAGON","7","Kingdom","-353312844006"
"922_7","922","DRAGON","7","Kingdom","-1102750963971"
"923_7","923","DRAGON","7","Kingdom","-864639264557"
"924_7","924","DRAGON","7","Kingdom","-1854575692899"
"925_7","925","DRAGON","7","Kingdom","-2109556624353"
"926_7","926","DRAGON","7","Kingdom","124980722969"
"927_7","927","DRAGON","7","Kingdom","-518462764026"
"928_7","928","DRAGON","7","Kingdom","871575841652"
"929_7","929","DRAGON","7","Kingdom","-1308675684151"
"930_7","930","DRAGON","7","Kingdom","-1590047225380"
"931_7","931","DRAGON","7","Kingdom","-802736824346"
"932_7","932","DRAGON","7","Kingdom","-925500403331"
"933_7","933","DRAGON","7","Kingdom","-1540217866242"
"934_7","934","DRAGON","7","Kingdom","799394999475"
"935_7","935","DRAGON","7","Kingdom","797881639789"
"936_7","936","DRAGON","7","Kingdom","-1800075324551"
"937_7","937","DRAGON","7","Kingdom","-227496708668"
"938_7","938","DRAGON","7","Kingdom","-467566149304"
"939_7","939","DRAGON","7","Kingdom","90918486259"
"940_7","940","DRAGON","7","Kingdom","-1145610880660"
"941_7","941","DRAGON","7","Kingdom","-727475685281"
"942_7","942","DRAGON","7","Kingdom","-2147108957609"
"943_7","943","DRAGON","7","Kingdom","-1964889467048"
"944_7","944","DRAGON","7","Kingdom","-146746703896"
"945_7","945","DRAGON","7","Kingdom","-2170437006877"
"946_7","946","DRAGON","7","Kingdom","-985110291762"
"947_7","947","DRAGON","7","Kingdom","-247814258013"
"948_7","948","DRAGON","7","Kingdom","305223229912"
"949_7","949","DRAGON","7","Kingdom","-1745532110614"
"950_7","950","DRAGON","7","Kingdom","-1704019254098"
"951_7","951","DRAGON","7","Kingdom","-1914553687518"
"952_7","952","DRAGON","7","Kingdom","-1134102230958"
"953_7","953","DRAGON","7","Kingdom","-314609377888"
"954_7","954","DRAGON","7","Kingdom","-1737465173962"
"955_7","955","DRAGON","7","Kingdom","-1424457817036"
"956_7","956","DRAGON","7","Kingdom","-1620349919971"
"957_7","957","DRAGON","7","Kingdom","-1865785153268"
"958_7","958","DRAGON","7","Kingdom","101396016208"
"959_7","959","DRAGON","7","Kingdom","-538125687499"
"960_7","960","DRAGON","7","Kingdom","-1434350818263"
"961_7","961","DRAGON","7","Kingdom","264640829619"
"962_7","962","DRAGON","7","Kingdom","-351174307011"
"963_7","963","DRAGON","7","Kingdom","75978544646"
"964_7","964","DRAGON","7","Kingdom","318521856556"
"965_7","965","DRAGON","7","Kingdom","-375121963344"
"966_7","966","DRAGON","7","Kingdom","725413291296"
"967_7","967","DRAGON","7","Kingdom","-665814083754"
"968_7","968","DRAGON","7","Kingdom","-1413670380504"
"969_7","969","DRAGON","7","Kingdom","343209725739"
"970_7","970","DRAGON","7","Kingdom","-1623349906052"
"971_7","971","DRAGON","7","Kingdom","593440252865"
"972_7","972","DRAGON","7","Kingdom","-1761309929422"
"973_7","973","DRAGON","7","Kingdom","-638959256674"
"974_7","974","DRAGON","7","Kingdom","-1649065489319"
"975_7","975","DRAGON","7","Kingdom","-554246086690"
"976_7","976","DRAGON","7","Kingdom","-997230132396"
"977_7","977","DRAGON","7","Kingdom","473951414498"
"978_7","978","DRAGON","7","Kingdom","-475704582968"
"979_7","979","DRAGON","7","Kingdom","-1252017628701"
"980_7","980","DRAGON","7","Kingdom","-625470777808"
"981_7","981","DRAGON","7","Kingdom","231859686904"
"982_7","982","DRAGON","7","Kingdom","-963908622695"
"983_7","983","DRAGON","7","Kingdom","-533827534338"
"984_7","984","DRAGON","7","Kingdom","-2119260424776"
"985_7","985","DRAGON","7","Kingdom","391249438461"
"986_7","986","DRAGON","7","Kingdom","859796833602"
"987_7","987","DRAGON","7","Kingdom","632899394557"
"988_7","988","DRAGON","7","Kingdom","322987086855"
"989_7","989","DRAGON","7","Kingdom","-2174180361781"
"990_7","990","DRAGON","7","Kingdom","657852013686"
"991_7","991","DRAGON","7","Kingdom","-1105816193766"
"992_7","992","DRAGON","7","Kingdom","-1329172915612"
"993_7","993","DRAGON","7","Kingdom","-34107261509"
"994_7","994","DRAGON","7","Kingdom","-881680625321"
"995_7","995","DRAGON","7","Kingdom","-1370964411036"
"996_7","996","DRAGON","7","Kingdom","863340921231"
"997_7","997","DRAGON","7","Kingdom","-1992842726163"
"998_7","998","DRAGON","7","Kingdom","-1071415859643"
"999_7","999","DRAGON","7","Kingdom","-1380839148078"
