"id","firstName","lastName","gender","birthDate","deathDate","height"
"0","Braden","Heaney","MALE","792843774684","4074834174684","175","Braden Heaney"
"1","Evert","Weber","MALE","-733082855765","2233374744235","182","Evert Weber"
"2","Walton","Little","MALE","-425496543178","2256877856822","184","Walton Little"
"3","Vicenta","Shields","MALE","-1849683122928","-50833882928","183","Vicenta Shields"
"4","Trudie","Green","FEMALE","257046359744","2087343959744","180","Trudie Green"
"5","Nikita","VonRueden","FEMALE","-1849408712151","485894527849","172","Nikita VonRueden"
"6","Enrico","Schumm","MALE","-38284484281","2012934315719","182","Enrico Schumm"
"7","Ezequiel","Johnston","FEMALE","217261749602","2426250549602","175","Ezequiel Johnston"
"8","Kaylah","Rippin","MALE","887923824737","2907610224737","179","Kaylah Rippin"
"9","Lucious","Becker","MALE","-1353868576762","476515423238","168","Lucious Becker"
"10","Cullen","Luettgen","MALE","-347271113699","2303567286301","176","Cullen Luettgen"
"11","Carolyn","Veum","MALE","784045689615","3024656889615","175","Carolyn Veum"
"12","Mariana","Kerluke","FEMALE","528526213924","3305591413924","181","Mariana Kerluke"
"13","Prince","Hauck","FEMALE","597205610299","3342652010299","175","Prince Hauck"
"14","Elinor","Lang","MALE","19797543715","2544401943715","173","Elinor Lang"
"15","Pierce","Wiza","FEMALE","706709115400","3483777915400","183","Pierce Wiza"
"16","Hailey","Bauch","FEMALE","-1048170471542","1949733128458","180","Hailey Bauch"
"17","Damian","Reinger","FEMALE","-459569749842","1749501850158","180","Damian Reinger"
"18","Lue","Mohr","MALE","-1680045561647","1475712078353","174","Lue Mohr"
"19","Gabe","Bartoletti","FEMALE","905105087546","3335015087546","174","Gabe Bartoletti"
"20","Deangelo","Thiel","FEMALE","47379173550","2824444373550","187","Deangelo Thiel"
"21","Frederique","Macejkovic","MALE","-1924820116039","631325123961","179","Frederique Macejkovic"
"22","Elza","Krajcik","MALE","-57811777805","2687634622195","177","Elza Krajcik"
"23","Reuben","Corkery","MALE","-759977483630","1606864116370","166","Reuben Corkery"
"24","Samantha","Schumm","FEMALE","-1252653259352","1461339940648","178","Samantha Schumm"
"25","Harley","Nicolas","FEMALE","-1014957896967","1541186103033","179","Harley Nicolas"
"26","Oral","Sauer","MALE","-1563790223759","1686574176241","182","Oral Sauer"
"27","Alta","Beatty","MALE","294262826422","3008256026422","163","Alta Beatty"
"28","Dante","Wolf","MALE","-193397270665","2110372329335","168","Dante Wolf"
"29","Roscoe","Monahan","FEMALE","-1551726938014","972881061986","173","Roscoe Monahan"
"30","Kaylah","Powlowski","MALE","-673067385371","1441227014629","182","Kaylah Powlowski"
"31","Maverick","Harris","FEMALE","48235788794","2320379388794","159","Maverick Harris"
"32","Lynn","Schulist","MALE","-1087038452132","1058874747868","164","Lynn Schulist"
"33","Cicero","Stokes","FEMALE","-462305994001","1872996005999","160","Cicero Stokes"
"34","Paris","Fadel","FEMALE","-198634511459","1978901088541","171","Paris Fadel"
"35","Bridie","Reilly","FEMALE","-1727784955738","1617361484262","182","Bridie Reilly"
"36","Jonathon","Vandervort","MALE","-1959158712629","-570623072629","174","Jonathon Vandervort"
"37","Nicholas","Miller","FEMALE","721324909600","3088080109600","180","Nicholas Miller"
"38","Karen","Roob","MALE","699349770322","2466575370322","175","Karen Roob"
"39","Timothy","Kozey","MALE","-653445154119","2249850445881","179","Timothy Kozey"
"40","Kaylin","Morissette","MALE","-2112884328670","-30038288670","162","Kaylin Morissette"
"41","Jeffery","Kilback","FEMALE","218020793504","3689313593504","179","Jeffery Kilback"
"42","Cheyanne","Brown","FEMALE","-335353065077","1968412934923","175","Cheyanne Brown"
"43","Doug","Kulas","FEMALE","-439972168208","2337096631792","180","Doug Kulas"
"44","Marc","Grant","FEMALE","-1511143636756","1549921963244","178","Marc Grant"
"45","Kyler","Toy","FEMALE","-366558559501","1400663440499","174","Kyler Toy"
"46","Ova","Medhurst","FEMALE","-963738438221","1087566761779","164","Ova Medhurst"
"47","Desmond","Lubowitz","MALE","-818433426450","1643102573550","174","Desmond Lubowitz"
"48","Bonnie","Quigley","MALE","-2047359346173","1076779493827","170","Bonnie Quigley"
"49","Leonora","Schowalter","FEMALE","-425717483858","1783271316142","177","Leonora Schowalter"
"50","Maiya","Schulist","MALE","104202106862","3701721706862","176","Maiya Schulist"
"51","Bruce","Schultz","MALE","-1682569085667","1441566154333","180","Bruce Schultz"
"52","Christiana","Friesen","MALE","-484095888055","2576969711945","175","Christiana Friesen"
"53","Alexandrea","Gutkowski","FEMALE","531392901747","2014621701747","176","Alexandrea Gutkowski"
"54","Jewell","O'Hara","MALE","897788284443","3327701884443","176","Jewell O'Hara"
"55","Dakota","Murphy","FEMALE","-155931774372","2337053825628","178","Dakota Murphy"
"56","Cooper","Langosh","MALE","-337819842043","1555632557957","169","Cooper Langosh"
"57","Xavier","Paucek","FEMALE","-1088499806622","1152107793378","180","Xavier Paucek"
"58","Carlos","Corkery","FEMALE","-1418608056905","853539143095","183","Carlos Corkery"
"59","Elenor","O'Conner","FEMALE","-1187571794766","1968184605234","174","Elenor O'Conner"
"60","Vanessa","Brekke","FEMALE","-707036606367","902418993633","176","Vanessa Brekke"
"61","Christiana","Schinner","MALE","709229541478","3107607141478","181","Christiana Schinner"
"62","Damien","Schimmel","MALE","-348202651741","3154712548259","177","Damien Schimmel"
"63","Sonny","Klein","FEMALE","-403211438502","2910314961498","171","Sonny Klein"
"64","Johnny","DuBuque","FEMALE","-721103583451","919891616549","166","Johnny DuBuque"
"65","Wendell","Rutherford","MALE","-847628347895","824902852105","181","Wendell Rutherford"
"66","Adelle","Bartell","FEMALE","-1678606379100","1634917660900","173","Adelle Bartell"
"67","Bobbie","Ankunding","FEMALE","182843051010","2581217051010","170","Bobbie Ankunding"
"68","Forrest","Murray","MALE","700165572987","2814459972987","173","Forrest Murray"
"69","Pattie","Luettgen","FEMALE","-1844232298923","207077741077","167","Pattie Luettgen"
"70","Francesca","King","FEMALE","460295836494","2732443036494","174","Francesca King"
"71","Llewellyn","Hintz","FEMALE","-2032242534125","271441905875","203","Llewellyn Hintz"
"72","Thaddeus","Morar","FEMALE","641941460582","3229707860582","170","Thaddeus Morar"
"73","Marta","Corkery","MALE","-471342101539","1769269098461","174","Marta Corkery"
"74","Janie","Roob","FEMALE","-2013461733267","-340929293267","167","Janie Roob"
"75","Krystel","Johnson","FEMALE","881499223707","3122110423707","168","Krystel Johnson"
"76","Ricardo","Larkin","MALE","-2021857179867","408057660133","184","Ricardo Larkin"
"77","Uriah","Adams","MALE","-865203700006","1375407499994","169","Uriah Adams"
"78","Hermina","Eichmann","FEMALE","912091941255","3720696741255","166","Hermina Eichmann"
"79","Adaline","Batz","MALE","-2194723546819","487648493181","179","Adaline Batz"
"80","Eden","Runolfsson","FEMALE","-1043012482254","1513131517746","180","Eden Runolfsson"
"81","Margret","Cormier","FEMALE","145995450742","2449678650742","170","Margret Cormier"
"82","Shanel","Nicolas","MALE","-1860552146384","979676293616","173","Shanel Nicolas"
"83","Cristopher","Cartwright","MALE","-431571786596","2534795813404","186","Cristopher Cartwright"
"84","Everardo","O'Reilly","MALE","-930098700751","2730582899249","169","Everardo O'Reilly"
"85","Cecelia","Zemlak","MALE","-518128011489","1911785588511","176","Cecelia Zemlak"
"86","Joelle","Gulgowski","MALE","-567603681033","2461925918967","176","Joelle Gulgowski"
"87","Elyssa","Mitchell","FEMALE","-378304178212","2430300621788","158","Elyssa Mitchell"
"88","Brandt","Zemlak","MALE","-1101107684848","287426715152","178","Brandt Zemlak"
"89","Earnestine","Farrell","MALE","-1401481546772","523506853228","170","Earnestine Farrell"
"90","Santa","Heller","MALE","79377270448","2288362470448","168","Santa Heller"
"91","Nedra","Christiansen","FEMALE","-643818778854","1880789221146","182","Nedra Christiansen"
"92","Octavia","Ullrich","FEMALE","-1334090221566","811826578434","175","Octavia Ullrich"
"93","Kiara","Schmidt","MALE","825699098377","2403535898377","158","Kiara Schmidt"
"94","Jaclyn","Greenfelder","FEMALE","-842310854797","1934757945203","178","Jaclyn Greenfelder"
"95","Fatima","Zemlak","FEMALE","-1028862389117","959284410883","182","Fatima Zemlak"
"96","Rae","Schamberger","MALE","626321391782","3277159791782","177","Rae Schamberger"
"97","Milton","Moen","FEMALE","777932773331","3302540773331","167","Milton Moen"
"98","Titus","Schneider","MALE","-1060726154770","1337647845230","183","Titus Schneider"
"99","Antwon","Goyette","MALE","-2010642886489","924189953511","169","Antwon Goyette"
"id","firstName","lastName","gender","birthDate","deathDate","height"
"0","Landen","Dietrich","FEMALE","-14299142319","3141457257681","173","Landen Dietrich"
"1","Octavia","Lemke","FEMALE","-1157114136192","1493720663808","178","Octavia Lemke"
"2","Mckenzie","Swift","MALE","-893502591681","589729808319","175","Mckenzie Swift"
"3","Jada","Quitzon","MALE","-263558560331","2197887439669","179","Jada Quitzon"
"4","Kobe","Rutherford","MALE","-1896868082120","690813157880","175","Kobe Rutherford"
"5","Audrey","Price","FEMALE","731546157157","3634845357157","168","Audrey Price"
"6","Robb","Wolff","MALE","-303834768954","2220769631046","186","Robb Wolff"
"7","Bobby","Littel","FEMALE","-1327223895821","1165848104179","173","Bobby Littel"
"8","Rosalind","Schoen","MALE","-1947781467880","703054572120","174","Rosalind Schoen"
"9","Napoleon","Wuckert","FEMALE","-1123191483690","1085880116310","173","Napoleon Wuckert"
"10","Ward","Padberg","FEMALE","-1864410317617","1165120522383","183","Ward Padberg"
"11","Velda","Champlin","FEMALE","-1850114356155","358962083845","172","Velda Champlin"
"12","Barry","Prohaska","FEMALE","609417802966","2944633402966","165","Barry Prohaska"
"13","Joshua","Casper","FEMALE","-1087084404070","806367995930","167","Joshua Casper"
"14","Diana","Auer","FEMALE","808130797509","2606978797509","172","Diana Auer"
"15","Maeve","Quigley","FEMALE","105896439305","2094043239305","177","Maeve Quigley"
"16","Jazmin","Rohan","MALE","-116870048665","1618815951335","180","Jazmin Rohan"
"17","Adrain","Schroeder","MALE","900601707844","3961667307844","175","Adrain Schroeder"
"18","Shaniya","Feeney","MALE","-348292742077","1955390457923","179","Shaniya Feeney"
"19","Arnoldo","Kerluke","FEMALE","772300209415","3549369009415","179","Arnoldo Kerluke"
"20","Dario","Boyle","MALE","-1414559885192","794428914808","164","Dario Boyle"
"21","Christina","Hodkiewicz","FEMALE","251400668595","3123163868595","165","Christina Hodkiewicz"
"22","Brian","Jones","MALE","-620163759724","2535596240276","178","Brian Jones"
"23","Neal","Block","MALE","-315265673326","2619655926674","160","Neal Block"
"24","Marlon","Johns","MALE","-1240270660710","242958139290","179","Marlon Johns"
"25","Susie","Wuckert","MALE","485533455334","2820752655334","170","Susie Wuckert"
"26","Liana","Stoltenberg","MALE","135418957946","2376026557946","176","Liana Stoltenberg"
"27","Alexzander","Upton","FEMALE","-1383005545811","1236296854189","181","Alexzander Upton"
"28","Madonna","Bernier","FEMALE","528963109176","2706412309176","171","Madonna Bernier"
"29","Rosalyn","Nitzsche","FEMALE","177377064989","2670449064989","176","Rosalyn Nitzsche"
"30","Loyal","Hermiston","FEMALE","16991503419","3803899903419","178","Loyal Hermiston"
"31","Layne","Hettinger","FEMALE","-1498017534742","931892465258","156","Layne Hettinger"
"32","Lance","Hahn","FEMALE","-1208510132192","1095255867808","178","Lance Hahn"
"33","Nico","Flatley","FEMALE","-944094848378","539133951622","185","Nico Flatley"
"34","Aron","Okuneva","MALE","-590602726596","1523778073404","174","Aron Okuneva"
"35","Charlotte","Schinner","FEMALE","-593612035682","2215079164318","174","Charlotte Schinner"
"36","Don","Bednar","MALE","-312441018097","918326981903","167","Don Bednar"
"37","Vivian","Ruecker","MALE","-1497377276068","301384323932","182","Vivian Ruecker"
"38","Ally","Kilback","FEMALE","621860646076","1978855446076","161","Ally Kilback"
"39","Emma","Heidenreich","MALE","-1417243593086","854903606914","162","Emma Heidenreich"
"40","Thurman","Pouros","MALE","296505619321","2474041219321","174","Thurman Pouros"
"41","Yasmine","Stehr","FEMALE","372007394966","3464605394966","173","Yasmine Stehr"
"42","Helene","Heathcote","FEMALE","356050512033","4016728512033","171","Helene Heathcote"
"43","Emile","Dickinson","MALE","-1735124523045","-188822483045","173","Emile Dickinson"
"44","Maurine","Mueller","MALE","-1191543946645","1648593253355","187","Maurine Mueller"
"45","Thomas","Miller","MALE","-1268815855678","719334544322","175","Thomas Miller"
"46","Elmer","Farrell","FEMALE","-1778998619771","714071020229","179","Elmer Farrell"
"47","Reba","Jast","MALE","-1667312753001","1078221286999","179","Reba Jast"
"48","Trenton","Towne","MALE","-360898791269","1816550408731","167","Trenton Towne"
"49","Joshuah","Mann","FEMALE","-1877718587074","394429852926","180","Joshuah Mann"
"50","Natasha","Yundt","MALE","-1244400295442","1501128904558","166","Natasha Yundt"
"51","Mack","Corwin","FEMALE","233450242714","2126902642714","174","Mack Corwin"
"52","Jameson","Fadel","FEMALE","-2032767773540","270916666460","171","Jameson Fadel"
"53","Caroline","Torphy","FEMALE","867073660209","1813758460209","161","Caroline Torphy"
"54","Erwin","Thompson","MALE","572381832368","3065453832368","174","Erwin Thompson"
"55","Vidal","Rau","FEMALE","-789598956945","1356317843055","178","Vidal Rau"
"56","Myriam","Hirthe","MALE","-1538405897476","765273702524","170","Myriam Hirthe"
"57","Marcel","Smith","MALE","-1576278616049","822098983951","180","Marcel Smith"
"58","Monserrate","Ritchie","MALE","-158339773969","2145343426031","172","Monserrate Ritchie"
"59","Alexandra","Koelpin","FEMALE","-777562218764","1526120981236","182","Alexandra Koelpin"
"60","Judah","Eichmann","MALE","457820831319","3297961631319","170","Judah Eichmann"
"61","Virgie","Runte","FEMALE","-1125083576345","1557287223655","184","Virgie Runte"
"62","Adrianna","Schaden","MALE","-1476241731576","1300827068424","182","Adrianna Schaden"
"63","Tyreek","Carroll","MALE","-614646634284","2478041365716","169","Tyreek Carroll"
"64","Travis","Welch","MALE","-1025889451439","1309326148561","180","Travis Welch"
"65","Gianni","Kuphal","FEMALE","-965905150628","1495627249372","186","Gianni Kuphal"
"66","Reyna","Johnston","FEMALE","-1982435377441","763098662559","173","Reyna Johnston"
"67","Rosalee","Kuhic","FEMALE","-292797751577","2736728248423","186","Rosalee Kuhic"
"68","Flo","Berge","MALE","-1572829456513","1298847343487","175","Flo Berge"
"69","Vaughn","Stracke","FEMALE","-1927908661549","470470178451","182","Vaughn Stracke"
"70","Lilyan","Jacobs","FEMALE","199783933628","3197687533628","178","Lilyan Jacobs"
"71","Mable","Prosacco","MALE","-713602280572","1716394119428","182","Mable Prosacco"
"72","Rico","Beatty","FEMALE","-396616920469","2159527079531","172","Rico Beatty"
"73","Cristobal","Flatley","MALE","-1085449218787","871161581213","177","Cristobal Flatley"
"74","Carter","Thompson","FEMALE","-595815985700","1865720014300","178","Carter Thompson"
"75","Clementina","Schneider","FEMALE","-485500538499","1502649861501","173","Clementina Schneider"
"76","Nannie","Gerlach","MALE","-431756884279","2219077915721","173","Nannie Gerlach"
"77","Erica","Collier","FEMALE","12063351661","2946894951661","179","Erica Collier"
"78","Tyler","O'Reilly","MALE","-2193746500585","173006339415","189","Tyler O'Reilly"
"79","Aiden","Heathcote","MALE","221941039610","2999009839610","179","Aiden Heathcote"
"80","Katelyn","Lockman","FEMALE","330978395251","2634657995251","183","Katelyn Lockman"
"81","Juliana","Gaylord","MALE","878144494607","3055593694607","177","Juliana Gaylord"
"82","Angelita","Hoppe","FEMALE","248146503014","2520293703014","173","Angelita Hoppe"
"83","Annamae","Lemke","MALE","-1046033220961","1857265979039","182","Annamae Lemke"
"84","Delmer","Casper","FEMALE","-515736268489","1535486131511","176","Delmer Casper"
"85","Irving","Johnston","MALE","-287890362186","2489178437814","178","Irving Johnston"
"86","Lydia","West","MALE","592095479082","2864239079082","186","Lydia West"
"87","Mariela","Monahan","FEMALE","794929783369","3224929783369","167","Mariela Monahan"
"88","Breanne","Johnson","FEMALE","-1033084658320","2059513341680","175","Breanne Johnson"
"89","Gisselle","Mayert","FEMALE","-107833102716","3426614497284","173","Gisselle Mayert"
"90","Moshe","Bradtke","FEMALE","-258241848900","1761444551100","178","Moshe Bradtke"
"91","Myrl","Dickinson","FEMALE","-931061875619","1530387724381","180","Myrl Dickinson"
"92","Princess","Kihn","FEMALE","-55906772449","2437078827551","180","Princess Kihn"
"93","Clay","Volkman","MALE","27659593348","2457573193348","172","Clay Volkman"
"94","Marge","Turner","FEMALE","-1320724956283","604353443717","177","Marge Turner"
"95","Delphine","Muller","MALE","-447785106204","2550204893796","163","Delphine Muller"
"96","Alivia","Kozey","FEMALE","-2190541079934","-44623039934","176","Alivia Kozey"
"97","Alisa","Bechtelar","FEMALE","864440393195","3199659593195","171","Alisa Bechtelar"
"98","Thomas","Luettgen","FEMALE","-1113889748631","2199633051369","182","Thomas Luettgen"
"99","Francesca","Kling","MALE","-2164858987714","864668252286","169","Francesca Kling"
