name,address,age
Phyllys Stelli,0505 Randy Circle,1
Olag Gilhouley,86417 Morrow Junction,2
Brook Comettoi,2 Merry Alley,3
Christina Realff,5891 Pine View Place,4
Amaleta Gambles,414 Eagan Pass,5
Guglielma O'Noland,9 Rockefeller Alley,6
Alejandro McKerton,1289 Alpine Court,7
Wynn Karus,18565 Buena Vista Junction,8
Cesar Blazey,5086 Porter Center,9
Farly McIlmorow,634 Clove Crossing,10
Krissie Haddock,8 Acker Center,11
Nefen Redemile,85 Orin Avenue,12
Nichols Sibbson,14 Mockingbird Pass,13
Van Apdell,10 Dapin Junction,14
Reid Gayter,943 Harper Hill,15
Antonina Frye,4647 Main Center,16
Lu Capeloff,978 Del Mar Court,17
Lorita Zorener,76570 Macpherson Place,18
Linnet Gobourn,37 Walton Place,19
Stefanie Bennison,80454 Vera Way,20
Violetta Kiefer,1 High Crossing Terrace,21
Lucita Farmiloe,3420 Hovde Road,22
Alanson Jodlkowski,980 Valley Edge Drive,23
Gilberte Brummitt,0902 Clyde Gallagher Crossing,24
Birgitta Pratchett,04909 Leroy Way,25
Wilmer Martinyuk,2 Vernon Alley,26
Vanda O'Corr,2807 Linden Center,27
Reagen Goodrick,6016 Columbus Plaza,28
Owen McRavey,1043 Sauthoff Crossing,29
Curr Ervin,41 Bunting Terrace,30
Kirbee Kline,801 Cottonwood Avenue,31
Raynell Pernell,65 Ridgeway Road,32
Demetra Simkovitz,99382 Algoma Lane,33
Annecorinne Andrivot,76 Merrick Place,34
Dannel Lintot,5 Mosinee Street,35
Cherrita Bousquet,8751 Grover Road,36
Matthus Theyer,721 Schmedeman Circle,37
Lindi Cordeau],37713 Paget Circle,38
Yuma Risman,7 Bunker Hill Park,39
Donia Knutsen,84701 Mayfield Terrace,40
Rorke Barts,14365 Hazelcrest Terrace,41
Delbert Barabisch,90308 Pine View Road,42
Glen Pischel,62 Sundown Parkway,43
Billi Gaywood,27047 Loomis Terrace,44
Christye Worsam,2497 Sycamore Drive,45
Josee Carnelley,0 Lotheville Court,46
Mace Francescoccio,951 Golf Point,47
Dieter Prime,2556 Service Alley,48
Ali Jerzycowski,9162 Waywood Terrace,49
Amalita Cicchetto,2547 Killdeer Junction,50
Elna Tampen,44 Thierer Road,51
Jacquetta How,5 Drewry Road,52
Wynn McTear,039 Mesta Avenue,53
Morgun McCambridge,039 Ronald Regan Lane,54
Alvis Closs,277 Spohn Hill,55
Merle Bevis,3 Bultman Trail,56
Daile Craven,11799 Longview Way,57
Cordi Puve,42170 Grayhawk Plaza,58
Christi Roads,77721 Evergreen Way,59
Elsey Farncomb,79983 Farragut Point,60
Gabbie Feldmark,44 1st Crossing,61
Emmerich Joselovitch,839 Fremont Drive,62
Archaimbaud Tredwell,511 Carey Road,63
Jaquelyn Carnson,57432 Leroy Street,64
Madelle Britten,6711 Sage Parkway,65
Adelaida Falshaw,28 Express Road,66
Rafaela Everex,4 Marcy Hill,67
Sid Hindhaugh,75067 Lien Circle,68
Reine Langstaff,34 Chive Plaza,69
Peder Fronzek,3 Saint Paul Point,70
Minetta Larderot,7938 Carioca Parkway,71
Greg Ert,2261 Veith Hill,72
Camille Rosendall,71 Northwestern Street,73
Domini Houlridge,008 Golf Course Terrace,74
Harold Egger,56914 Dakota Drive,75
Carissa Wardall,468 Scott Lane,76
Issy Josefsen,908 Mayfield Court,77
Allyce Habbema,3 Redwing Way,78
Mehetabel Tibols,74 Nova Avenue,79
Lanny MacIver,981 Jana Junction,80
Stacee Roden,38732 Algoma Terrace,81
Mariele Pryke,73 Dawn Lane,82
Jamill Physic,87703 Tennyson Place,83
Lynnette Dargue,71 Beilfuss Street,84
Mendel Sizland,83 Coleman Trail,85
Frans Athelstan,13663 Lawn Park,86
Gayel MacFarland,1 Cherokee Point,87
Krystal O'Duane,5065 Badeau Lane,88
Virgina Brumbye,972 Shoshone Place,89
Nan McGroarty,1 Debs Avenue,90
Minna Huxham,1923 John Wall Center,91
Kellina Youngman,2869 Hayes Junction,92
Min Painten,73170 Del Mar Point,93
Karlan Busse,333 Veith Hill,94
Gearalt Danilchik,5 Loomis Parkway,95
Laughton Hayen,825 Sherman Road,96
Ignazio Spellman,528 Service Street,97
Ulrika Morlon,0969 Packers Lane,98
Biron Risdale,74 Stephen Avenue,99
Farica Benterman,6 Muir Street,100
Fraser Wheelwright,5053 Pine View Crossing,101
Theda O'Doghesty,29 Fairfield Point,102
Cinda Cheyenne,11992 Mayfield Parkway,103
Devi Fearon,19 Marcy Court,104
Berty Patience,826 Towne Street,105
Sib McGrey,4292 Hermina Way,106
Gris Winsome,24 Russell Lane,107
Crin Michurin,2489 Dexter Pass,108
Alon Perfitt,412 Merrick Terrace,109
Elliot Suttie,85903 Golden Leaf Drive,110
Alica De Bruin,3 Little Fleur Park,111
Barthel Barlie,7893 Grover Circle,112
Delilah Riccelli,77857 Holmberg Circle,113
Augustin Cahalin,19102 Ridgeview Park,114
Brenn Bohling,3383 Coleman Parkway,115
Mortimer Oxherd,1 School Trail,116
Juliette de Najera,5 Homewood Parkway,117
Morna Hamlett,1 Spohn Crossing,118
Madalyn Nassie,643 Spenser Street,119
Ulises Lynde,01690 Derek Junction,120
Zuzana Bartomeu,04428 Dennis Crossing,121
Emlen Thow,3 Golf Course Parkway,122
Lemuel Greenley,87326 Dennis Road,123
Valerie Kenryd,904 Glacier Hill Drive,124
Sarene Uden,2 Village Green Court,125
Joya Holme,6381 Beilfuss Drive,126
Tybie Sill,90 Lukken Hill,127
Hendrik Kerss,6444 Shelley Way,128
Berny Reddick,50800 Lakeland Pass,129
Roseann Chenery,45934 Bowman Road,130
Wilek Sharple,0122 Green Ridge Junction,131
Merl Royans,166 Kim Plaza,132
Hettie Colliver,569 Duke Street,133
Tildy Gammons,92420 Bluestem Center,134
Nester Scholes,24 Laurel Plaza,135
Odessa Casebourne,0119 Hintze Circle,136
Bird Schruurs,1303 Everett Drive,137
Annabal Abrahamsen,9 Oneill Place,138
Pierson Dubery,8 Westridge Circle,139
Rozella Skynner,2069 Magdeline Court,140
Jinny Crielly,9 Armistice Pass,141
Evania Peddowe,97 Becker Junction,142
Gus Drew-Clifton,33 Dixon Road,143
Annice Aronson,5 Killdeer Hill,144
Julie Seward,96 Grasskamp Crossing,145
Ned Nixon,86857 Arizona Circle,146
Krysta Acott,230 Hansons Alley,147
Eloise Lawey,18651 Merchant Avenue,148
Selene Fleote,273 7th Hill,149
Darrelle McNally,496 Raven Way,150
Bonita Taveriner,33 Shopko Parkway,151
Billye Jouning,3 South Junction,152
Laryssa Travers,73731 Grayhawk Pass,153
Siusan Quenell,648 Kenwood Avenue,154
Raphael Campo,4 Westend Circle,155
Alvera Jeacop,148 Briar Crest Avenue,156
Clari Scurman,55 Bartillon Road,157
Stephanus Scougal,32 Lakewood Avenue,158
Humfried Costain,5 Sunnyside Center,159
Rik Longley,23 North Hill,160
Nananne Luney,30316 Lakeland Parkway,161
Willetta Burdas,08061 Barnett Circle,162
Mill Kempstone,351 Hooker Parkway,163
Leshia Pavlov,9458 Laurel Parkway,164
Davon Lamba,16548 Onsgard Terrace,165
Shelba Pershouse,3 Schmedeman Center,166
Stephani Fockes,751 Ilene Hill,167
Stirling Roo,18479 Loomis Terrace,168
Darelle Barrabeale,11 Anhalt Trail,169
Dagny O'Dee,504 Dryden Avenue,170
Wilhelm Rigglesford,91 Hoepker Drive,171
Lamar Cristoferi,125 Havey Crossing,172
Genovera McCulley,22 Huxley Street,173
Gilberto Croyden,03500 Browning Lane,174
Gene Somerled,5529 Sundown Hill,175
Vikky Wharram,12161 Lighthouse Bay Lane,176
Noland Clement,48 Sauthoff Pass,177
Emelina Ferraraccio,21870 Macpherson Crossing,178
Angele Tayt,04941 Tomscot Terrace,179
Lizzy Olford,897 Gina Trail,180
Estel Poyzer,321 Fisk Park,181
Rodrick Kensy,7962 Corry Road,182
Stanford Alonso,659 Corben Point,183
Cindi Jess,0 Farwell Hill,184
Joan Aymer,92784 Calypso Drive,185
Gina Gheeraert,15577 Northwestern Alley,186
Stephan Reese,94 Schmedeman Court,187
Leontine Critzen,0649 Susan Place,188
Goran Daud,52 Fremont Point,189
Austina Sowman,26881 Loomis Way,190
Alf Caulcutt,83883 Summit Street,191
Lay Croutear,9476 Bashford Center,192
Rafaello Baldock,139 Pankratz Alley,193
Marylin Goodlett,267 Knutson Court,194
Harriott Bohey,4 Farmco Drive,195
Giustina Weir,5 Dawn Court,196
Roslyn Giorio,6161 Granby Avenue,197
Lilla Spraggon,96919 John Wall Pass,198
Hildegarde Klyner,57 Fremont Pass,199
Lennie Phuprate,22950 Elmside Avenue,200
Lorne Haig,7 Dapin Point,201
Malina Chaffen,17944 Main Pass,202
Gaby Eick,333 Caliangt Park,203
Elvera Lynas,4 Hanson Road,204
Conny Aronstam,3 Haas Lane,205
Marketa Morfell,6314 Vidon Pass,206
Othilie Dumbreck,8573 Division Point,207
Allys Dawby,52 Nancy Circle,208
Cassie Kintzel,23774 Clyde Gallagher Lane,209
Colver Goman,3 Carioca Way,210
Conroy Jonson,356 Arrowood Pass,211
Alister Gurnett,3 Mcguire Lane,212
Cirillo Regan,4 Menomonie Center,213
Eldridge Ivakhnov,22 Nancy Way,214
Yankee Iacomi,017 Holy Cross Way,215
Abel Shade,493 Arrowood Terrace,216
Lucas MacKill,4 West Terrace,217
Lira Lacasa,96335 Sherman Center,218
Anatola Dunphie,77 Atwood Trail,219
Mohandas Richardin,348 Vernon Park,220
Thane Heggadon,65334 Pine View Place,221
Cathee Pottberry,0424 Buell Park,222
Maurise Goodboddy,16 Spohn Center,223
Elspeth Collidge,528 Bay Trail,224
Devonne Hardinge,69674 Bluejay Park,225
Terry Lis,2 Arizona Lane,226
Palm Du Fray,58282 Raven Pass,227
Benoite Del Checolo,87 Fallview Street,228
Carly Gorghetto,7276 Waywood Avenue,229
Westleigh Rykert,17 Menomonie Street,230
Ruby Hammersley,5333 Vermont Plaza,231
Samara Kharchinski,51 Corscot Road,232
Francesca Bauduin,71663 Jay Pass,233
Gabbie Filintsev,7 Pearson Avenue,234
Marlowe Doddrell,39 Messerschmidt Street,235
Roselin Du Hamel,08269 Memorial Street,236
Der Speechley,4 Crownhardt Street,237
Nadean Aberchirder,0188 Ridgeview Terrace,238
Darcy Spyvye,513 Becker Drive,239
Loleta Dougary,62139 Derek Street,240
Jana Iddens,8532 Hauk Parkway,241
Hilliary Ivanin,00962 Sommers Pass,242
Frederik Talks,34 Aberg Trail,243
Quint Madgwich,87293 Gateway Parkway,244
Mabel Pearmain,6294 Onsgard Junction,245
Eran Thaw,9518 Hollow Ridge Hill,246
Gabi Dalgarnowch,9 Cambridge Road,247
Roderic Pilling,10 Talmadge Crossing,248
Siouxie Linsey,2106 Hauk Parkway,249
Jerrine MacCorkell,22 Butternut Hill,250
Gabriel Townrow,2105 Algoma Drive,251
Stefanie Fasler,329 Raven Plaza,252
Glenda Steane,168 Shelley Road,253
Sheela Cowsby,3 Northland Point,254
Frasquito Lamkin,00 Merchant Road,255
Giorgia Skoyles,5057 Stone Corner Hill,256
Frayda Godwin,791 Logan Trail,257
Dasha Stovell,6643 Dayton Crossing,258
Jordan Garrad,1021 Lien Court,259
Vinni Toor,5329 Barby Center,260
Beulah Dosdill,54 Laurel Circle,261
Dore Brunroth,5 Steensland Plaza,262
Willa Parsisson,723 Farmco Alley,263
Tammara Yerborn,7867 Hallows Terrace,264
Shaylah Mazzilli,878 Larry Court,265
Ainsley Gallatly,7 South Way,266
Weider Kervin,52 Russell Drive,267
Krispin Reymers,967 Summer Ridge Alley,268
Glendon Woolnough,668 Hansons Parkway,269
Gizela Crut,2146 Maywood Street,270
Denyse Bus,6 Manitowish Junction,271
Bethany Jarad,21 Bunting Lane,272
Siffre Braisher,7 Ludington Park,273
Imogen Rudd,8815 Melrose Plaza,274
Tandie Largen,1018 Old Shore Center,275
Iain Hintzer,43 Merchant Trail,276
Robers Delong,830 Blackbird Parkway,277
Katharine MacGilpatrick,3193 Scoville Lane,278
Deidre Twamley,7300 Kinsman Avenue,279
Claudetta Dener,6 Waubesa Crossing,280
Danielle Monget,01 Briar Crest Pass,281
Anthe Highman,545 Porter Junction,282
Charil Sexti,5919 Fremont Avenue,283
Elsinore Aizlewood,82 Blackbird Place,284
Shalna Becerra,7 Namekagon Crossing,285
Sybil Cheney,5687 Tennyson Road,286
Henry Brackpool,06 Johnson Point,287
Ardra Mitchely,1 Lien Hill,288
Tate Woolf,622 Manufacturers Street,289
Carny Donan,66 Red Cloud Street,290
Keriann McIndoe,64175 Algoma Lane,291
Kym Sofe,0 Swallow Trail,292
Martina Harcombe,2256 Crownhardt Alley,293
Lilith Poat,58465 Butternut Point,294
Tyrone Padefield,03 Eliot Avenue,295
Bunny Tyrie,95 Kennedy Avenue,296
Claudie Hasselby,67 Mayer Avenue,297
Maureene Thairs,412 Roxbury Hill,298
Preston Sleeman,9526 Bluejay Hill,299
Eliza Cribbins,37995 Manley Road,300
Langston Mirams,45194 Maywood Lane,301
Aila Cathesyed,14 Messerschmidt Crossing,302
Filberto Khotler,951 Norway Maple Trail,303
Paulie Firpi,1431 Westport Circle,304
Elle Russi,0242 Colorado Parkway,305
Hamlin Gwillyam,31 Pennsylvania Avenue,306
Georgiana Duesberry,4 Sullivan Court,307
Pepita Shearwood,11 Lawn Point,308
Langston Fletham,298 Old Shore Avenue,309
Kimbell Dew,17275 Esch Court,310
Clarita Fulkes,45 5th Point,311
Elliot Scotson,013 Red Cloud Trail,312
Bernice Jannequin,4 Spenser Trail,313
Hana Emeline,8487 Cambridge Trail,314
Jodie Folca,719 Pierstorff Pass,315
Ashla Iskower,3168 Lakewood Junction,316
Dari Ladlow,695 David Parkway,317
Ezra Dayton,01230 Arkansas Hill,318
Reginald Stilly,5047 Gale Way,319
Gav Nehl,5944 Southridge Place,320
Worthy Wilcott,86 Fairfield Crossing,321
Briny Drayn,872 Golf Course Alley,322
Morry Westnage,57 Basil Alley,323
Bay Leere,4 Southridge Court,324
Gunner Tapper,689 Scofield Junction,325
Bartram Pendrid,48058 Pepper Wood Circle,326
Fayina Chasmor,1994 Norway Maple Center,327
Nicolas Moggie,5 Fremont Crossing,328
Andres Brumhead,6864 Lakeland Alley,329
Temp Lammin,8500 Sutherland Way,330
Nikkie Nodes,13469 Bartelt Plaza,331
Gunilla Jendrassik,45 Hovde Junction,332
Peyter Wieprecht,54 Toban Center,333
Claudetta Adam,490 Sage Park,334
Lorri Charteris,65151 Vidon Avenue,335
Ode Meadowcraft,994 Kenwood Parkway,336
Tildy Ivanin,9723 Rusk Alley,337
Natala Illwell,4 Vidon Road,338
Ulberto Buzza,44191 Trailsway Park,339
Fanya England,0 7th Park,340
Alonso Trevillion,8 Sheridan Avenue,341
Catriona Barrott,2 Kim Parkway,342
Lesley Casbourne,547 Hoard Road,343
Tremayne Dreng,404 Grim Drive,344
Read Wilfinger,38 Farmco Circle,345
Calv Enderby,244 Bay Crossing,346
Hildagarde Mowsdill,054 Farwell Parkway,347
Sonia Roscow,2575 Mendota Street,348
Gustave Domnin,046 Thompson Drive,349
Tucky Vayne,920 Buena Vista Drive,350
Rena Chansonnau,64268 Express Court,351
Lotty Ianelli,1 Vidon Avenue,352
Monti Albion,8574 Michigan Trail,353
Edee Abrahamsohn,99527 Sheridan Terrace,354
Romonda Battaille,3 Evergreen Road,355
Abagail Frediani,0 Buhler Hill,356
Rourke Buckingham,29 Linden Alley,357
Adriane Gascard,78 Morrow Way,358
Nona Frear,7095 Dunning Way,359
Marje Redolfi,08643 Esker Place,360
Jens Doreward,4 Di Loreto Lane,361
Trueman Clarson,03784 Ridgeway Pass,362
Finlay Birkby,45 Shasta Junction,363
Orsola Nozzolii,1 Autumn Leaf Circle,364
Rolland Arnet,9 Vidon Road,365
Osborne Yegorkov,6 Lighthouse Bay Trail,366
Alisa Laurant,626 Manley Alley,367
Rollin Crummay,347 Forest Dale Junction,368
Benoite Float,3 Mariners Cove Court,369
Zulema Pockett,23880 Fallview Road,370
Meryl Spacey,92788 Ronald Regan Point,371
Brittan Dalrymple,38792 Cherokee Terrace,372
Tammie Dulieu,0 Old Gate Drive,373
Nicoline Padson,359 Banding Court,374
Marijn Gerin,73052 Jay Plaza,375
Fran MacKimm,32 Hintze Court,376
Lesly Foltin,15385 Holy Cross Lane,377
Chad McCluskey,1561 Havey Pass,378
Emlynne Clewlow,05965 Little Fleur Drive,379
Constantin Jager,32148 Tomscot Point,380
Kathryn Fontes,45106 Harbort Place,381
Jori Hawket,8 Farwell Crossing,382
Nikolaos Becraft,8823 Jay Court,383
Anabelle Pitson,33 Melvin Way,384
Bonnie Aldgate,8 Michigan Plaza,385
Elna Dewfall,95 Luster Park,386
Gerianna Thacker,8490 Almo Alley,387
Amitie Town,42228 Monterey Road,388
Tedie Apfler,0737 Fulton Park,389
Broddy Beamish,7 Milwaukee Crossing,390
Cymbre Hitscher,75843 Del Mar Place,391
Kylila Maddern,9 Kim Park,392
Marillin Zavattero,62 Moland Court,393
Grissel Weale,4573 Spohn Avenue,394
Sigismundo Fayerbrother,4032 Petterle Parkway,395
Karyn Matzkaitis,55035 Eastwood Road,396
Ragnar Coling,85814 Ruskin Way,397
Reina Hamblyn,2 Northwestern Hill,398
Ilka Hill,531 Golf Terrace,399
Sofie Angeli,1642 Alpine Road,400
Penrod Tzuker,7869 Stoughton Alley,401
Port Brattell,8 Macpherson Center,402
Alyosha Peeter,6662 Green Avenue,403
Phebe Pamphilon,9 Brickson Park Parkway,404
Corty Ronisch,74852 Sycamore Drive,405
Richmond Stanbridge,83 Vermont Place,406
Darnall Sandells,5658 Glendale Terrace,407
Xavier Rawles,8 Melvin Point,408
Lazar Agiolfinger,466 International Road,409
Hewitt Paynter,71431 Fremont Terrace,410
Barbi Rountree,72828 Del Sol Park,411
Helene Krink,97 Westridge Crossing,412
Bethena Matiasek,0347 Moulton Road,413
Parrnell Fernandes,7442 La Follette Hill,414
Lainey Applegate,74891 Maple Wood Circle,415
Rikki Ipgrave,7 West Point,416
Ivett Joinson,7 Burning Wood Park,417
Dave Sponder,682 Claremont Trail,418
Kristofor Scotson,44 Roth Plaza,419
Kent Geertsen,6 Waywood Junction,420
Jefferson Doxsey,9380 Clove Crossing,421
Dominga Chaperling,6972 Londonderry Way,422
Petronille Marde,43265 Lunder Alley,423
Kirsten Physick,954 Birchwood Road,424
Cecilia Guillot,0798 Morningstar Street,425
Ursuline McNab,049 Reindahl Plaza,426
Manolo McCawley,3200 Debs Terrace,427
Shauna Bartkiewicz,16 Barby Terrace,428
Rudie Paulillo,312 Commercial Road,429
Una Fudge,6 Susan Terrace,430
Darcy Hrinchenko,9687 Hanover Court,431
Ursuline Pinchback,985 Merrick Terrace,432
Lemuel Baleine,4876 Saint Paul Park,433
Saundra Kerrey,0 Jenna Crossing,434
Adore Hamflett,32 Riverside Circle,435
Cameron Maxwaile,87 Meadow Vale Street,436
Annabelle Mackilpatrick,42185 Farwell Point,437
Arvie Soldi,8921 Saint Paul Lane,438
Bond Wrinch,5 Basil Park,439
Sheffie Muggeridge,98564 Dottie Center,440
Rosemonde Stoffler,1 Utah Trail,441
Duncan MacCafferty,40058 Eagle Crest Center,442
Boothe Wyss,14340 Macpherson Way,443
Berti Awcoate,85 Grim Road,444
Minne Lakeman,29 Golf Course Park,445
Rockey Philipeau,0605 Milwaukee Court,446
Melina Spadazzi,019 Trailsway Plaza,447
Hettie McGilmartin,458 Service Park,448
Wash Leatt,2391 Monterey Lane,449
Binny Sprague,0062 Coolidge Point,450
Averell Biswell,83494 Randy Trail,451
Glen Rennels,1 Lunder Road,452
Melosa Brikner,28 Transport Street,453
Fabian O'Howbane,26 Bashford Parkway,454
Luke Sandifer,88 Redwing Drive,455
Freddy Ivakhno,244 Reinke Lane,456
Holden Shotboulte,90 East Way,457
Jena Gaiger,6 Melody Circle,458
Inessa Vandenhoff,7 Spenser Place,459
Linea Reschke,733 Oakridge Hill,460
Nick Faughny,0 Myrtle Trail,461
Reggie Goodliffe,92 Grayhawk Drive,462
Jeremiah Lorenz,68964 American Ash Avenue,463
Daryle Hovie,98688 Porter Junction,464
Angie Clyburn,07940 Ruskin Alley,465
Clemens Tobin,805 Lawn Park,466
Stesha Druce,5754 Gulseth Street,467
Ivie Gerckens,74470 Knutson Street,468
Sandy Jaycox,76652 Swallow Center,469
Wilburt Whybrow,6261 Montana Pass,470
Carena Addy,1557 American Parkway,471
Karoly Jonuzi,4489 Barnett Park,472
Nikaniki Fergusson,98 Bellgrove Avenue,473
Rad MacMaster,6337 Namekagon Street,474
Barbaraanne Lyte,09733 Golf View Street,475
Hewe Baskerfield,7888 Sheridan Trail,476
Rosalynd Belhome,4472 Northview Road,477
Hube Trobridge,9584 Corscot Park,478
Evaleen Eliyahu,6 Independence Lane,479
Sibyl Greedier,712 Miller Pass,480
Eleonora Kither,48 Little Fleur Lane,481
Jackson Ballay,4 Sauthoff Park,482
Idalina Sturman,1318 Leroy Trail,483
Laurene Gaytor,472 Alpine Plaza,484
Lonnie Garrettson,78 Lakewood Gardens Center,485
Kameko Ambrogetti,177 Donald Street,486
Pen Dufaire,932 Mcbride Place,487
Bellanca Faulks,36723 Kim Lane,488
Blinnie Orviss,76 Crownhardt Trail,489
Arley Plaschke,6849 Del Sol Terrace,490
Rodd Rolance,49048 Birchwood Street,491
Isis Graysmark,9970 Dixon Road,492
Bridgette Antunes,162 Glacier Hill Road,493
Gray Game,0 Farmco Alley,494
Leif Panniers,09 Waxwing Crossing,495
Travis Overshott,1565 Mayfield Terrace,496
Jorey Betancourt,8950 Trailsway Center,497
Honey Buttriss,12 Buell Way,498
Beth Mazzey,4104 Thompson Avenue,499
Bendick Odcroft,867 Superior Center,500
Maurizio Shimwell,4 Nova Alley,501
Claribel Fawssett,93121 Moland Place,502
Selie Caplis,11 6th Road,503
Francklin Broderick,12354 Kim Crossing,504
Arlana Gammill,3385 Colorado Avenue,505
Nev Whitman,1 Arrowood Way,506
Henderson Dunthorn,3 Lien Crossing,507
Karie Malec,49 Summit Trail,508
Melva McGuckin,5 Upham Park,509
Glennis Bowser,83047 Crowley Crossing,510
Aksel Gauch,3 Ronald Regan Parkway,511
Davita Inold,9435 Weeping Birch Crossing,512
Tarrance Cheater,8 7th Alley,513
Osbert Cropp,075 Hazelcrest Lane,514
Kizzee Rubica,66 Hanson Alley,515
Pryce Pulham,637 Donald Place,516
Sapphira Ryam,64 Del Mar Point,517
Onfroi Toxell,738 Golf Course Place,518
Kit Skull,11467 Raven Place,519
Prue Pringuer,7841 Merry Lane,520
Jase Bartolomieu,97113 Ilene Hill,521
Caterina Grovier,980 Marquette Junction,522
Inger Ranken,394 Sutteridge Hill,523
Mahala Perfitt,5 High Crossing Trail,524
Devy Tomkys,0 Hansons Court,525
Kimball Frede,46138 Basil Terrace,526
Brig Garry,80218 Dawn Lane,527
Adaline Bouchier,1 Mandrake Road,528
Darleen Ducker,24 Waubesa Junction,529
Bianka McGuiney,3 Mcguire Way,530
Liesa Eloi,131 Moulton Avenue,531
Thorstein Drake,6317 Fairview Junction,532
Rosalyn Mayes,64517 Porter Point,533
Romonda Hempshall,3 Barnett Way,534
Shaylynn Drust,80 Burning Wood Way,535
Kellby Tythe,7330 Hoepker Street,536
Brenda Lawlings,18 Orin Way,537
Sandie Trace,07 Superior Drive,538
Adeline Kringe,346 Clemons Parkway,539
Mallissa Willan,5 Mockingbird Way,540
Jerrie Harradine,7934 Warbler Park,541
Latashia Slaughter,47579 Warner Point,542
Warner Irving,99 Schurz Place,543
Sharia Timms,30 Dorton Drive,544
Rubie Calltone,05 Loftsgordon Way,545
Vittoria Sparshett,8 Iowa Avenue,546
Dulce Sparry,28 Pennsylvania Lane,547
Abbott Prozescky,8901 Hanover Pass,548
Averell Mordon,5311 Shasta Trail,549
Alonso Gilfillan,5 Moulton Park,550
Camila Satteford,2011 Browning Alley,551
Katheryn Aymerich,1005 Loeprich Court,552
Auroora Baxster,5 Heffernan Parkway,553
Pamela Wyne,52345 Brentwood Terrace,554
Egbert Reville,4370 Hoard Place,555
Ingaberg Gudeman,29 Green Road,556
Elihu Beaze,3874 Lakewood Place,557
Adelaida Mengue,78816 Lawn Park,558
Zenia Caurah,93 Hauk Pass,559
Yettie Grummitt,13507 Lillian Terrace,560
Zulema Allkins,9 Havey Parkway,561
Kilian Trye,7 Carioca Court,562
Chrystal Kirkhouse,37 Shasta Circle,563
Selinda Kemitt,5 Oak Court,564
Shayla Blaxill,8239 Portage Junction,565
Aurore Gantzer,70 Park Meadow Drive,566
Craggy McCoughan,77 Hayes Circle,567
Lila McMychem,588 Ludington Terrace,568
Ailis Cowlas,866 Eagle Crest Way,569
Gennie Filtness,8630 Jay Junction,570
Jess Bencher,14868 Quincy Alley,571
Rolland Tregust,34463 Gateway Terrace,572
Fred Stallon,480 Kennedy Lane,573
Filmore Alfonzo,8 Hollow Ridge Trail,574
Shena Chard,67276 Steensland Plaza,575
Brigit Chason,4974 Loeprich Park,576
Bertha Rawcliffe,40847 Kensington Hill,577
Dilan Kienl,09418 Thompson Park,578
Jedidiah Schulze,6148 Vahlen Way,579
Inglebert Kalvin,2 Schlimgen Junction,580
Bettina Rounsivall,1 Carpenter Street,581
Moselle Kinnock,33830 Dexter Place,582
Neil Eicheler,6 Cody Crossing,583
Lynsey Paumier,533 Thackeray Road,584
Rozele Helliwell,9784 Vahlen Junction,585
Gasparo Shoosmith,7052 Vera Trail,586
Roz Tattersdill,5314 Lyons Circle,587
Janella Tiddeman,28494 Carpenter Plaza,588
Rycca Rizzardi,527 Petterle Plaza,589
Giraldo Marham,54778 Morningstar Trail,590
Rowan Stopford,66530 Sundown Terrace,591
Matelda Turbern,435 Mccormick Place,592
Colene McDarmid,41249 Dexter Trail,593
Mickey Harvard,3489 Anthes Street,594
Claudina Borzoni,1034 Grover Circle,595
Haskel Stainson,2 Corben Parkway,596
Catherin Gerckens,68777 Prentice Terrace,597
Freddie Chessill,7 Bluestem Hill,598
Ginger Kun,97 Stone Corner Pass,599
Konstanze Ratt,38945 Russell Crossing,600
Clim Carlozzi,38 Maywood Road,601
Gustavus Welsby,350 Homewood Circle,602
Brear Gason,182 Stuart Road,603
Kelsey Slipper,8144 Schiller Circle,604
Kyle Mendez,7106 Cottonwood Avenue,605
Lucais Willerstone,3047 Lakeland Park,606
Curry Wein,67936 Del Mar Place,607
Herrick Gorling,326 Granby Avenue,608
Marius Kimblen,71 Springview Road,609
Arlette Magenny,03 Birchwood Lane,610
Corey Woodroof,5189 Badeau Circle,611
Nyssa Feldbrin,7 Surrey Terrace,612
Lavena Joyce,0 Darwin Park,613
Franzen Dawidowitsch,6 Parkside Lane,614
Rochelle Balderston,6 Fisk Lane,615
Edmon Scrigmour,711 Acker Trail,616
Byram MacAfee,45 Troy Trail,617
Ted Wilby,80 Rowland Park,618
Margret Basketfield,630 Surrey Street,619
Christabel Winger,35 Burrows Crossing,620
Annette Bish,440 Schlimgen Alley,621
Gran Glauber,8 Merrick Crossing,622
Claretta Stradling,418 Nevada Trail,623
Stacee Di Biagio,32 Fordem Street,624
Corabelle Pearde,643 Dorton Terrace,625
Drona Balke,4920 Mayfield Pass,626
Reine Iwanicki,65 Arapahoe Parkway,627
Aguistin Stuckow,8043 Clemons Parkway,628
Dunn Scannell,40 Colorado Court,629
Kaitlin Paoloni,96 Orin Circle,630
Jerad Mardy,6441 Messerschmidt Pass,631
Daisie Dockree,57 Old Shore Terrace,632
Joya Merredy,1010 Village Green Terrace,633
Anestassia Castillon,887 Manufacturers Plaza,634
Winni Karpe,25257 Columbus Crossing,635
Addy Yardley,750 Trailsway Hill,636
Eben Litchfield,05 Northridge Trail,637
Ralina Moffett,84286 Clarendon Way,638
Rudolph Finder,268 Tennyson Point,639
Izak Cheer,3962 Dottie Place,640
Orrin Freeborn,4933 Everett Avenue,641
Dayle McCafferky,59 Moose Drive,642
Correna Brodest,24325 Center Circle,643
Colan Southerill,72 Mccormick Court,644
Buck Trathen,7393 Mendota Court,645
Gael Body,67 Village Green Center,646
Murry Preuvost,7 Southridge Drive,647
Rayshell Rego,93076 Comanche Hill,648
Denney Datte,63 Hollow Ridge Hill,649
Hans Brereton,36 Clyde Gallagher Street,650
Cirstoforo Yitzhok,7798 Sloan Pass,651
Jessica Birmingham,017 Bartillon Point,652
Aili Dowty,626 Rockefeller Lane,653
Gabriello Glasgow,5 Fairview Parkway,654
Bria Tutin,9 Bayside Crossing,655
Thorndike Greenshields,7845 Graceland Drive,656
Malinde Argyle,63 Pierstorff Alley,657
Kathlin Narramore,7 Jenifer Trail,658
Nickie Gazzard,5798 Lakewood Parkway,659
Calla Pargeter,20 Menomonie Pass,660
Isadore Prebble,573 Lakeland Place,661
Major MacShirie,14186 Golf Course Hill,662
Aldon Otterwell,1 Elmside Circle,663
Whittaker Duligall,11092 Crowley Crossing,664
Juliette Quakley,09 John Wall Lane,665
Trevor Renny,24171 Brown Park,666
Willabella Krugmann,566 Kim Avenue,667
Perceval Kimbury,22 Di Loreto Trail,668
Demetra Adrienne,1321 Coleman Junction,669
Stephanie Bault,028 Valley Edge Lane,670
Elvin Spofforth,5192 Coolidge Pass,671
Quintina Seear,90896 Nobel Plaza,672
Ronalda Woofenden,81853 Reinke Street,673
Jaymie Dorre,860 Mccormick Trail,674
Camey Turbill,78 Bunting Point,675
Basilio Giorgietto,138 Burning Wood Place,676
Grover Haycock,50407 Springview Point,677
Vilma Grimmert,3560 Boyd Trail,678
Elnar Ebhardt,807 Cody Alley,679
Cristine Maffei,2 Becker Street,680
Clemmie Gregol,882 Mcguire Junction,681
Magda Shaxby,82577 Mockingbird Road,682
Lorens Bascomb,93 Jay Park,683
Cicely Marriot,59738 Riverside Alley,684
Danika Bittlestone,44923 Eastwood Point,685
Denney Tapner,8 Oxford Lane,686
Dorthea Daintree,8942 Coolidge Street,687
Mabel De Cleen,14 Briar Crest Pass,688
Alphonse Kings,62 Maryland Terrace,689
Olivier Wontner,8 2nd Drive,690
Ilario Rummings,97 Anzinger Alley,691
Maude Mustchin,68089 Ridgeway Lane,692
Findlay Earles,324 Toban Road,693
Curran Benck,2540 Dawn Court,694
Fair Fewster,5 Golden Leaf Place,695
Arnoldo MacAne,2 Vidon Drive,696
Paolo Eton,565 Lindbergh Circle,697
Marnia Drew-Clifton,876 Carpenter Park,698
Carney Rofe,85 Elgar Center,699
Shari Tempest,8241 Bluestem Crossing,700
Riley Carlin,3016 Heath Avenue,701
Raphael Jiru,2 Upham Drive,702
Alida Jacques,4 Darwin Crossing,703
Rebekah Fairhead,8 Burning Wood Terrace,704
Martguerita Pecey,24796 Bashford Plaza,705
Ransom Poure,00240 Del Sol Pass,706
Maisey Bilsland,807 Mallory Avenue,707
Jacquette Baile,4 Hauk Parkway,708
Dasie Cannell,38 Rieder Trail,709
Carmine Himsworth,2399 Forest Dale Point,710
Haven Redhole,680 Dakota Crossing,711
Amandie Konmann,60 Southridge Crossing,712
Rusty Mattes,89 Shelley Hill,713
Iolande Bernon,592 Packers Hill,714
Isabel Owlner,70 Hollow Ridge Avenue,715
Susanna Kellart,1 Debs Lane,716
Clark Fullman,97 Birchwood Junction,717
Fredelia Loosemore,00624 Mosinee Park,718
Esme Scading,32019 Kim Hill,719
Pancho Smouten,15942 Farwell Park,720
Dominick McRonald,28122 Nobel Way,721
Ninon Bugge,5 Mendota Way,722
Gaye Morphey,00 Barby Drive,723
Sunshine Pick,31001 Lyons Center,724
Cyrillus Brandino,9247 Hauk Park,725
Odie Riddiford,1 Nobel Way,726
Roselin Millichap,86485 Maywood Trail,727
York Ratie,27395 Claremont Place,728
Alidia Gidley,99203 Goodland Place,729
Asia Armor,4010 Algoma Hill,730
Freeland Luckcuck,56 Mayer Court,731
Melly Stanbro,50 Brown Pass,732
Zabrina Coke,54163 Namekagon Road,733
Rosmunda Ashwin,7 Bunting Plaza,734
Dahlia Jackalin,70 Esker Avenue,735
Link Bussen,0 Summit Street,736
Cozmo Kasperski,890 Jay Trail,737
Wait Carty,61 Nobel Court,738
Branden Gaskall,924 Dexter Lane,739
Wynny Moar,208 Butternut Way,740
Carmelle Howard - Gater,7592 Hoard Street,741
Romola Casazza,682 Upham Place,742
Terrell Ornils,0942 Eagan Place,743
Shauna Favey,2 Rockefeller Center,744
Barbee Guidini,52 Corben Circle,745
Martin Rickcord,31581 Dorton Pass,746
Harrie Pridgeon,87 Dunning Point,747
Jacquelynn Bubbins,2 Ridgeway Circle,748
Bradley Red,972 Hagan Point,749
Milzie Kilgallon,1181 Delladonna Plaza,750
Forrester Calcraft,45 Vahlen Way,751
Kendall Swiffen,3 Vera Alley,752
Rozalie Giron,93 Crowley Pass,753
Ty Missen,788 Memorial Avenue,754
Anson Davidek,24586 Forest Run Center,755
Rossy Greenlies,72 Eggendart Point,756
Bud Tremellier,55402 Havey Park,757
Dulcia Davidson,31800 Londonderry Street,758
Dimitri Foulcher,4 Tony Hill,759
Huntley Connachan,718 Buhler Center,760
Vanya Dightham,54486 Ridge Oak Drive,761
Gauthier Pickerill,97 Lien Avenue,762
Dulcy Bleibaum,088 International Terrace,763
Osmond Beller,9552 Carberry Park,764
Clio Nouch,830 Lukken Way,765
Pen Malek,01050 Bartillon Drive,766
Ronny Mollnar,41136 Artisan Court,767
Roberto Berzon,66 Holy Cross Terrace,768
Constantina Leadbeater,59 Crownhardt Plaza,769
Felice Carlson,56 Bultman Center,770
Ambrosio Costa,735 Morning Court,771
Ami Bambury,22 Division Pass,772
Jodie Lewins,05351 Burrows Road,773
Cornell Kinsley,25 Linden Parkway,774
Kim Sessuns,0 Westerfield Street,775
Lorine Colley,3 Fallview Hill,776
Cesare Arnley,1 Clarendon Way,777
Selestina Gullan,298 Morrow Point,778
Tate Glaves,1539 Steensland Lane,779
Phineas Cleyburn,6 Old Shore Street,780
Jennine Thormwell,7294 Union Circle,781
Marty Hayne,1089 Buhler Court,782
Maryann Cluitt,69648 Hayes Parkway,783
Matilde Cotherill,59 Briar Crest Road,784
Delainey Carlyle,81018 Raven Hill,785
Roddy Lutsch,12811 Mcguire Drive,786
Kiri MacKaig,2 Orin Park,787
Cherise Oki,6 Meadow Valley Terrace,788
Filippa Yuryichev,59 Cascade Terrace,789
Janene Conybear,87 Eagle Crest Lane,790
Helyn Bernaert,79 Roth Lane,791
Bab Hale,13 Claremont Terrace,792
Ruben Pople,24974 Bunker Hill Lane,793
Leslie Brose,54825 Farwell Court,794
Corina Gladhill,462 Melby Junction,795
Dame Ashingden,59266 Buena Vista Trail,796
Cally Bloschke,9 Rowland Pass,797
Arni Brashaw,18 Grayhawk Street,798
Hortense Twiddell,9492 Melrose Street,799
Leyla Yashunin,18 Londonderry Point,800
Jayson Nornable,3745 Thackeray Avenue,801
Tabby Stean,8 Delaware Park,802
Jamie Whitehorne,15941 Leroy Pass,803
Leroi Nowell,0766 Hayes Road,804
Chadwick Ferro,85302 Gale Lane,805
Daniella Bedell,63 Mccormick Place,806
Otes Illingworth,02097 Melody Trail,807
Giselbert Caveau,409 Lyons Parkway,808
Norman Sherbrook,8 Novick Center,809
Che Rodie,68661 Darwin Crossing,810
Heriberto Lambdin,187 Green Ridge Park,811
Steffane Fould,247 Mariners Cove Avenue,812
Ernestine Sawley,7131 Fremont Crossing,813
Ardyth Colnett,84302 Portage Circle,814
Derby Dockray,0 Annamark Road,815
Adelice Grissett,2 Lakewood Gardens Street,816
Lonna Stebbings,0555 Gerald Lane,817
Dom Crocumbe,4827 Reinke Junction,818
Grantley Dowsing,82413 Knutson Junction,819
Lily Chard,30021 Lotheville Way,820
Grier Tsar,53 Summer Ridge Hill,821
Kylen Sothcott,7 Northview Place,822
Kalle Gettens,368 Debs Road,823
Bren Edsall,248 Forster Center,824
Marchall Pratt,1950 Kenwood Alley,825
Caressa O'Hartagan,9 Twin Pines Way,826
Dalton Campion,2 Hintze Street,827
Osbert Franceschi,2 Dryden Drive,828
Dario Sancto,70000 Sutherland Terrace,829
Veda Dansken,769 Dorton Junction,830
Aundrea Dulwitch,76114 Maryland Lane,831
Florie Tarbett,64 Sunbrook Park,832
Isa Dyde,9396 Jenna Circle,833
Bobbi Loges,269 Kim Pass,834
Tome Slingsby,95 Acker Way,835
Heall Caldairou,76 Sugar Way,836
Agosto Eefting,17069 Holmberg Parkway,837
Todd Riordan,2 Summer Ridge Junction,838
Billy Feld,0 Trailsway Trail,839
Vivianne Parken,2012 Surrey Alley,840
Samuel Di Batista,4 Lighthouse Bay Avenue,841
Lori Glanton,8682 Lien Hill,842
Klaus Barkes,394 Kensington Place,843
Trey Mauro,728 Grim Street,844
Tonye Kornacki,47147 Pond Hill,845
Annabel Pogosian,5 Nancy Parkway,846
Lyndsey Bollard,7640 Burning Wood Court,847
Hoebart Gollop,8826 Dawn Avenue,848
Shurlocke Whiteson,79 Schurz Center,849
Lodovico Swinn,10046 Bobwhite Avenue,850
Willyt Robertucci,296 Coleman Center,851
Yehudit Sorley,771 Corben Drive,852
Fields Straun,8350 Wayridge Hill,853
Keven Ferraron,95 Banding Point,854
George Pyvis,21 Hintze Road,855
Jerrilyn Sharphurst,9839 Autumn Leaf Place,856
Uriel Graundisson,49265 Sycamore Parkway,857
Paton Wallsworth,46657 John Wall Parkway,858
Tobiah Bloomfield,47 American Ash Point,859
Christabella Orcott,07767 Waxwing Pass,860
Luciana Mainwaring,187 Kropf Road,861
Berna Mulbry,4 Surrey Junction,862
Idalia Lomasney,62 Memorial Terrace,863
Lira Chorley,5508 Ohio Park,864
Tory Kencott,3 Atwood Trail,865
Nick Ferrarini,55958 Spohn Place,866
Natalie Dillingstone,836 Veith Hill,867
Anette Challes,896 Hagan Hill,868
Sherm Biddy,58 Arizona Hill,869
Max Winfindine,159 Milwaukee Place,870
Frannie Tyer,284 Chive Circle,871
Cosmo Welburn,975 Sachs Center,872
Maggi Elizabeth,94 Gulseth Circle,873
Polly Woodage,8 Holmberg Way,874
Edlin Rivitt,8632 Mendota Circle,875
Virginie Burnard,02 Dixon Place,876
Rasia Jasper,93375 Heffernan Alley,877
Bernie Godfray,695 Bluejay Plaza,878
Benni Tolossi,82530 Forster Park,879
Graig Freemantle,5424 Sherman Lane,880
Brade Truitt,5 4th Terrace,881
Karena Gorusso,117 Pawling Park,882
Lisabeth Spavins,5 Iowa Way,883
Chad Bensen,8 Grayhawk Place,884
Win Ratchford,1540 Shelley Center,885
Domingo le Keux,00 Melody Crossing,886
Eamon Sharper,08 Northport Drive,887
Conan Freshwater,852 Anthes Alley,888
Zorina Inwood,6 Havey Avenue,889
Ninon Dixsee,5 Lakewood Gardens Trail,890
Beret Gally,72455 Stuart Plaza,891
Eugine Edgecumbe,7368 Haas Place,892
Amara Greed,39572 Towne Pass,893
Milo Sumpner,17 Ohio Crossing,894
Morlee Doubleday,54 Crowley Parkway,895
Zara Tann,476 Weeping Birch Trail,896
Audrye Blaes,7939 David Crossing,897
Carrissa Le Friec,69652 Barnett Center,898
Ode Mityashev,6 Spaight Place,899
Britta McGillivray,13 John Wall Lane,900
Etheline Neicho,661 Stoughton Road,901
Aldrich Pearmain,2313 8th Drive,902
Pammie McComb,44 Sauthoff Plaza,903
Gardiner Tregear,09557 Hagan Park,904
Giovanna Imloch,9 Morrow Lane,905
Feodor Attwooll,522 Chinook Trail,906
Corinna Petriello,4467 Oakridge Place,907
Cosmo Oldnall,665 Transport Hill,908
Morlee Milsap,1605 Dennis Crossing,909
Adaline Harvey,71542 Clarendon Circle,910
Dimitri Frissell,22135 Parkside Place,911
Paloma Redmond,4 Harbort Parkway,912
Scotti Bridgnell,7 Caliangt Place,913
Freida Davy,089 Graceland Lane,914
Rodrique De Lisle,99 Stephen Street,915
Den Render,9497 6th Drive,916
Westley Barmby,27474 Doe Crossing Park,917
Margret Frankham,6714 Pleasure Junction,918
Emmalyn Iwanczyk,53 Buhler Drive,919
Ealasaid Ajean,81614 Northwestern Drive,920
Tades Burdge,1289 Nova Street,921
Onofredo Filipovic,5680 Commercial Road,922
Willow Bogays,35424 Almo Parkway,923
Fanny Swannack,48 Arizona Alley,924
Gipsy Whorlton,74956 Fordem Drive,925
Reinwald Luttgert,53646 Grayhawk Junction,926
Peria Smillie,513 Mitchell Court,927
Justinian Outridge,8801 Sugar Trail,928
Nancy Scotson,7 Gerald Street,929
Karen Grindley,239 Dunning Court,930
Rusty Lennard,2 Eastlawn Crossing,931
Jeramie Greenrodd,7 Crescent Oaks Plaza,932
Wainwright Tooting,8 North Pass,933
Liv Blackbourn,2 Main Street,934
Zacharia Vasilenko,98 Farmco Crossing,935
Sacha Gathwaite,23854 Eagle Crest Court,936
Helli Linkin,01204 Main Park,937
Orson Weatherdon,71 Goodland Park,938
Darsey Gershom,585 Sullivan Pass,939
Marlee Juarez,6210 5th Drive,940
Demetra Junkison,003 Dakota Center,941
Theadora Liptrot,90797 Golf Course Terrace,942
Basilio Yarnold,51 Killdeer Plaza,943
Alyson Hammand,445 Golf Course Center,944
Jorge Beggs,4641 Larry Alley,945
Catlee Champ,6 Weeping Birch Plaza,946
Frans Mergue,242 Raven Plaza,947
Terri-jo Beadham,2937 Quincy Street,948
Kylynn Cokely,763 Village Way,949
Gillian Malacrida,9 Old Shore Terrace,950
Frants Yuryshev,67070 6th Parkway,951
Honor Antonikov,1643 Clyde Gallagher Center,952
Brigida Whiteford,6 3rd Avenue,953
Nolana Gainsford,3058 Farwell Parkway,954
Erwin Sannes,48 Cody Drive,955
Cully Mealing,32842 Dapin Court,956
Elysee Helleckas,381 Sauthoff Place,957
Milli D'Antoni,5 American Circle,958
Madelin Bolding,08 Birchwood Road,959
Christian Howling,21 Vahlen Terrace,960
Katherine Pass,1 Stoughton Crossing,961
Thor Rumble,9821 Sundown Way,962
Gray Iacovuzzi,36242 Anzinger Terrace,963
Fayre Allnatt,173 Warbler Pass,964
Josias Polgreen,86263 Sheridan Trail,965
Correy Janew,674 Monica Place,966
Aveline Tithecott,14090 Vermont Center,967
Anatole Fust,3 Esker Place,968
Nefen Bakes,6622 Mandrake Park,969
Clarance Jozwiak,5684 Oakridge Lane,970
Abdel Duplain,6 Forest Run Plaza,971
Bonni Stirzaker,6 Pearson Place,972
Lynnette Wardingley,87070 New Castle Court,973
Findlay Casper,06444 Hovde Court,974
Cherri Bickers,57 Center Park,975
Mellisent Ethridge,6629 Nobel Place,976
Bryon Stuckow,74 Bayside Junction,977
Lutero Basler,86989 Hallows Point,978
Paola Duigenan,095 Kim Drive,979
Perry Giacobo,1 Anderson Circle,980
Hughie Aiston,30 Portage Hill,981
Puff Gillespey,3 Loeprich Place,982
Jarrod Wathell,1 Burrows Lane,983
Abby Dumbleton,294 New Castle Trail,984
Sutton Timblett,01 Gale Road,985
Forrester Arbuckel,78238 Dixon Plaza,986
Dina Rean,422 Garrison Junction,987
Leia Jagiela,0 High Crossing Park,988
Spenser Rapi,045 Shopko Terrace,989
Rosana Hollindale,2038 Gateway Way,990
Lib Jandac,01 Anthes Plaza,991
Sada Dade,9134 Carioca Circle,992
Deane Le Provest,3 Mallory Road,993
Casi Grimwade,84 Moland Alley,994
Bern Seville,79 Golf Place,995
Forester Ridge,90 Bowman Court,996
Culver Joderli,7 Carberry Terrace,997
Yuma O' Markey,6 Golf Place,998
Stavros Rastrick,41 Brentwood Lane,999
Lemar Axton,943 Bay Point,1000
